water_prc,elect_prc,tel_prc,Districts
0.88,5.17,7.7,Haramaya
4.33,3.3,2.56,Grawa
7.93,2.48,1.88,Grawa
1.86,4.3,8.58,Qarsa
3.24,6.92,8.97,Haramaya
6.34,3.39,0.88,Grawa
7.17,3.44,1.85,Grawa
5.86,2.6,0.98,Grawa
1.67,4.26,10.05,Qarsa
5.55,7.62,9.37,Haramaya
5.39,3.82,0.35,Grawa
3.98,6.99,5.82,Haramaya
2.86,7.4,7.87,Haramaya
1.37,3.8,8.82,Qarsa
4.44,2.43,1.32,Grawa
5.1,2.81,1.61,Grawa
5.11,3.24,2.25,Grawa
3.84,6.28,7.72,Haramaya
1.19,2.96,9.24,Qarsa
8.44,2.91,2.76,Grawa
6.91,3.51,1.55,Grawa
3.41,8.11,7.64,Haramaya
6.18,2.29,2.04,Grawa
5.27,3.45,0.23,Grawa
4.1,8.43,6.43,Haramaya
5.21,4.08,1.18,Grawa
0.59,3.59,10.85,Qarsa
5.28,5.94,8.97,Haramaya
7.71,3.01,2.16,Grawa
1.16,4.18,11.05,Qarsa
6.09,2.29,2.22,Grawa
2.84,6.01,7.08,Haramaya
0.17,4.51,8.9,Qarsa
2.31,7.41,7.86,Haramaya
1.88,4.78,10.32,Qarsa
2.61,7.48,8.72,Haramaya
2.33,4.28,10.73,Qarsa
7.12,3.22,1.49,Grawa
0.63,4.61,9.32,Qarsa
2.43,5.37,9.99,Qarsa
4.22,8.52,6.39,Haramaya
7.61,1.82,2.77,Grawa
0.31,4.42,9.71,Qarsa
4.8,2.41,2.57,Grawa
4.19,5.96,8.99,Haramaya
6.11,2.78,2.84,Grawa
6.39,3.66,1.97,Grawa
3.34,5.47,8.38,Haramaya
5.38,4.09,2.27,Grawa
7.05,2.98,1.22,Grawa
3.06,4.08,8.63,Qarsa
1.8,7.72,9.09,Haramaya
5.37,7.46,8.32,Haramaya
8.09,2.36,3.05,Grawa
4.66,5.07,10.29,Qarsa
2.01,4.73,9.12,Qarsa
5.36,2.67,2.47,Grawa
3.95,6.18,9.88,Haramaya
5.84,1.95,0.56,Grawa
4.52,8.54,7.82,Haramaya
6.91,2.68,0.11,Grawa
1.71,3.87,7.79,Qarsa
7.25,3.2,0.66,Grawa
1.79,3.96,11.22,Qarsa
0.58,4.64,10.34,Qarsa
4.5,7.85,7.47,Haramaya
2.95,3.57,11.52,Qarsa
4.28,8.02,8.44,Haramaya
3.21,6.9,8.01,Haramaya
1.79,4.93,9.51,Qarsa
6.64,2.84,1.82,Grawa
1.71,3.45,8.28,Qarsa
5.02,5.49,8.46,Haramaya
6.39,3.36,0.67,Grawa
3.49,2.85,10.04,Qarsa
6.81,3.46,2.36,Grawa
5.53,3.7,2.73,Grawa
3.73,7.37,8.41,Haramaya
1.67,4.56,10.97,Qarsa
5.41,2.77,1.26,Grawa
5.19,2.66,1.5,Grawa
6.0,5.35,2.05,Grawa
2.72,4.61,9.2,Qarsa
7.17,2.24,2.69,Grawa
3.55,7.51,9.46,Haramaya
6.59,1.7,1.79,Grawa
1.13,6.34,10.7,Qarsa
6.37,2.83,2.74,Grawa
2.58,5.29,9.77,Qarsa
3.59,6.47,8.39,Haramaya
1.75,4.24,10.54,Qarsa
2.08,7.85,7.67,Haramaya
5.57,3.53,0.99,Grawa
0.56,5.52,10.25,Qarsa
4.68,8.87,8.3,Haramaya
2.39,4.12,0.61,Grawa
2.09,4.01,9.79,Qarsa
5.92,4.04,0.82,Grawa
5.72,4.4,2.35,Grawa
6.74,2.92,0.78,Grawa
5.44,2.33,2.91,Grawa
7.18,2.99,2.74,Grawa
5.07,8.35,9.3,Haramaya
5.71,3.26,2.77,Grawa
4.72,8.7,7.83,Haramaya
6.81,3.83,2.39,Grawa
2.12,5.84,9.51,Qarsa
3.09,7.43,8.34,Haramaya
6.93,4.17,0.82,Grawa
2.41,8.04,7.4,Haramaya
0.59,3.54,8.44,Qarsa
3.82,6.74,9.62,Haramaya
6.72,3.24,2.81,Grawa
6.67,2.64,1.32,Grawa
4.21,6.32,7.53,Haramaya
3.85,5.02,8.23,Haramaya
4.65,6.38,6.81,Haramaya
1.83,4.5,9.18,Qarsa
2.06,4.3,8.59,Qarsa
2.43,6.11,7.53,Haramaya
1.98,4.05,9.61,Qarsa
6.08,2.07,0.58,Grawa
1.92,4.25,10.68,Qarsa
1.66,6.86,8.87,Qarsa
1.04,5.43,9.91,Qarsa
3.59,4.45,6.91,Haramaya
2.59,4.42,10.36,Qarsa
3.46,7.48,7.32,Haramaya
5.07,5.27,7.17,Haramaya
1.28,4.91,9.84,Qarsa
4.15,10.04,5.82,Haramaya
5.05,6.21,9.3,Haramaya
3.12,6.3,7.75,Haramaya
2.44,3.63,9.38,Qarsa
1.08,3.93,8.55,Qarsa
4.37,5.17,8.76,Haramaya
4.64,7.46,6.04,Haramaya
6.24,3.35,2.16,Grawa
0.81,5.72,9.26,Qarsa
4.64,4.56,2.93,Grawa
6.78,0.73,2.05,Grawa
5.22,3.06,2.9,Grawa
5.84,2.93,1.44,Grawa
6.52,4.1,1.87,Grawa
6.43,3.36,3.2,Grawa
4.6,6.97,8.13,Haramaya
6.23,2.51,0.91,Grawa
1.51,3.84,8.72,Qarsa
4.41,6.57,7.23,Haramaya
8.64,2.39,3.26,Grawa
1.61,2.43,8.88,Qarsa
3.44,7.43,7.59,Haramaya
3.24,4.93,10.69,Qarsa
4.55,7.64,7.89,Haramaya
4.77,6.88,8.7,Haramaya
3.12,4.21,10.43,Qarsa
3.34,3.91,10.27,Qarsa
6.55,5.26,2.29,Grawa
5.8,3.67,0.97,Grawa
4.64,6.14,7.18,Haramaya
0.21,5.92,8.91,Qarsa
2.43,4.14,8.89,Qarsa
1.06,6.79,10.12,Qarsa
6.12,3.2,0.43,Grawa
1.33,4.06,10.75,Qarsa
6.75,2.99,2.91,Grawa
6.01,3.14,2.84,Grawa
7.3,2.69,1.12,Grawa
4.16,7.46,7.45,Haramaya
5.02,2.39,2.17,Grawa
3.81,5.04,9.6,Haramaya
6.6,3.58,2.78,Grawa
1.92,6.08,9.63,Qarsa
4.93,7.49,10.19,Haramaya
1.97,4.22,10.08,Qarsa
3.5,8.56,6.44,Haramaya
1.54,5.06,10.09,Qarsa
6.06,1.62,2.49,Grawa
1.78,6.9,9.13,Haramaya
3.86,5.96,8.43,Haramaya
1.98,5.5,9.17,Qarsa
1.56,3.78,9.72,Qarsa
2.48,6.5,8.24,Haramaya
7.02,3.97,2.13,Grawa
6.58,1.66,0.45,Grawa
3.84,7.18,7.27,Haramaya
6.44,2.53,2.71,Grawa
4.73,7.22,6.95,Haramaya
2.4,3.6,8.67,Qarsa
4.51,3.7,3.62,Grawa
5.56,4.42,3.5,Grawa
3.71,8.98,6.89,Haramaya
7.99,1.02,3.4,Grawa
4.25,6.23,7.63,Haramaya
3.26,7.16,7.83,Haramaya
4.16,7.31,8.3,Haramaya
2.75,5.49,9.69,Qarsa
1.54,5.73,9.01,Qarsa
7.07,4.29,3.55,Grawa
7.54,3.6,3.48,Grawa
2.9,7.99,7.02,Haramaya
5.58,4.01,2.14,Grawa
2.09,6.85,8.36,Haramaya
1.59,4.59,10.28,Qarsa
6.93,2.95,1.8,Grawa
6.06,3.13,4.31,Grawa
5.64,3.25,3.39,Grawa
5.73,2.8,2.99,Grawa
0.73,3.93,9.86,Qarsa
3.42,6.0,8.98,Haramaya
6.4,5.77,7.99,Haramaya
6.03,1.31,1.33,Grawa
4.29,1.48,0.54,Grawa
1.28,5.85,10.42,Qarsa
4.2,6.38,8.43,Haramaya
2.14,4.44,12.67,Qarsa
2.21,7.29,9.86,Haramaya
1.62,3.05,8.81,Qarsa
5.5,7.64,9.15,Haramaya
2.57,5.26,8.77,Qarsa
6.33,4.9,1.61,Grawa
0.56,4.31,9.71,Qarsa
2.39,4.25,9.94,Qarsa
2.01,5.42,9.26,Qarsa
1.58,4.45,9.71,Qarsa
2.91,4.4,11.25,Qarsa
3.79,4.88,11.91,Qarsa
2.28,2.73,9.33,Qarsa
0.39,5.21,9.04,Qarsa
5.22,3.68,2.39,Grawa
6.31,4.76,2.08,Grawa
3.93,5.77,7.77,Haramaya
2.45,4.07,10.68,Qarsa
3.89,7.13,9.95,Haramaya
5.41,1.77,1.89,Grawa
1.62,3.0,8.02,Qarsa
3.76,6.14,7.45,Haramaya
6.08,4.41,1.99,Grawa
1.23,5.35,11.25,Qarsa
4.69,5.18,7.9,Haramaya
5.69,4.1,2.1,Grawa
6.26,1.87,1.96,Grawa
0.94,4.32,8.76,Qarsa
4.47,5.63,8.88,Haramaya
3.03,3.49,10.01,Qarsa
5.14,3.02,0.15,Grawa
5.93,2.35,1.73,Grawa
1.02,5.06,9.7,Qarsa
6.44,3.36,2.34,Grawa
4.1,5.48,8.52,Haramaya
5.5,3.51,1.18,Grawa
1.18,5.93,10.34,Qarsa
4.84,6.18,8.21,Haramaya
4.04,7.2,7.83,Haramaya
4.57,7.63,7.86,Haramaya
2.95,3.56,10.16,Qarsa
6.81,6.02,9.79,Haramaya
3.47,4.78,9.55,Qarsa
1.96,4.01,10.04,Qarsa
2.66,3.36,8.9,Qarsa
0.24,4.21,10.42,Qarsa
3.27,5.38,9.57,Qarsa
2.66,4.52,8.98,Qarsa
3.55,5.96,4.87,Haramaya
2.74,6.38,8.16,Haramaya
3.92,8.14,8.52,Haramaya
3.36,7.93,9.21,Haramaya
0.99,5.75,9.79,Qarsa
4.56,2.92,2.7,Grawa
0.27,3.2,10.67,Qarsa
4.34,7.2,8.61,Haramaya
6.08,3.93,0.9,Grawa
6.46,4.38,1.14,Grawa
2.67,7.17,6.96,Haramaya
7.51,3.89,2.71,Grawa
6.25,3.7,1.47,Grawa
5.51,3.08,3.08,Grawa
3.96,6.88,7.81,Haramaya
5.98,0.87,3.09,Grawa
1.47,5.41,9.9,Qarsa
2.48,7.84,8.36,Haramaya
0.51,3.9,8.84,Qarsa
1.53,3.14,10.72,Qarsa
0.89,4.93,12.09,Qarsa
5.92,5.09,0.33,Grawa
5.34,3.35,1.01,Grawa
3.97,8.09,8.52,Haramaya
3.22,6.11,8.61,Haramaya
3.3,5.44,8.07,Haramaya
6.42,3.27,1.87,Grawa
4.92,9.4,8.45,Haramaya
6.69,2.57,0.16,Grawa
1.04,3.95,9.96,Qarsa
6.54,2.82,0.94,Grawa
2.22,4.55,8.23,Qarsa
5.65,1.11,0.02,Grawa
4.83,2.91,3.29,Grawa
2.25,3.04,9.07,Qarsa
1.44,4.97,9.08,Qarsa
3.24,2.76,9.44,Qarsa
0.52,4.09,10.01,Qarsa
4.34,5.88,8.43,Haramaya
6.28,4.3,0.86,Grawa
3.07,7.13,8.69,Haramaya
5.07,3.48,3.46,Grawa
4.49,6.86,8.89,Haramaya
1.27,3.24,8.74,Qarsa
4.88,6.73,6.73,Haramaya
2.06,3.74,11.85,Qarsa
5.48,2.49,1.9,Grawa
3.17,4.63,9.13,Qarsa
5.04,1.79,1.9,Grawa
5.84,3.24,1.5,Grawa
7.78,3.36,3.22,Grawa
7.05,1.15,1.43,Grawa
5.57,3.8,2.79,Grawa
6.35,3.11,2.25,Grawa
4.59,6.77,10.08,Haramaya
3.97,7.12,9.66,Haramaya
0.29,3.01,10.27,Qarsa
7.34,2.03,1.97,Grawa
4.19,5.84,8.65,Haramaya
5.75,6.33,8.74,Haramaya
5.37,2.92,2.5,Grawa
5.3,6.61,9.91,Haramaya
2.49,4.8,9.55,Qarsa
6.11,4.73,2.58,Grawa
5.5,7.3,8.99,Haramaya
2.63,4.89,9.22,Qarsa
4.48,8.53,9.19,Haramaya
6.07,6.24,7.07,Haramaya
4.44,5.25,7.77,Haramaya
5.85,2.2,0.88,Grawa
3.54,7.26,8.7,Haramaya
5.81,2.14,2.22,Grawa
4.42,3.63,1.53,Grawa
0.92,4.5,8.79,Qarsa
1.43,4.55,8.77,Qarsa
1.73,5.53,8.96,Qarsa
1.47,4.06,8.86,Qarsa
1.41,3.54,9.58,Qarsa
0.92,4.02,10.27,Qarsa
4.73,5.78,5.6,Haramaya
0.65,5.78,10.03,Qarsa
6.29,1.75,3.11,Grawa
5.28,8.08,8.44,Haramaya
0.98,3.89,9.34,Qarsa
1.44,4.7,11.23,Qarsa
0.41,4.13,10.99,Qarsa
4.57,8.5,7.5,Haramaya
4.95,3.57,2.16,Grawa
4.06,6.17,7.74,Haramaya
8.24,5.92,1.57,Grawa
4.84,3.45,1.11,Grawa
3.71,6.44,7.72,Haramaya
4.32,6.36,8.05,Haramaya
2.58,3.55,9.91,Qarsa
2.72,6.11,7.15,Haramaya
4.52,5.45,7.42,Haramaya
1.1,7.45,9.12,Haramaya
0.84,5.08,11.78,Qarsa
4.12,9.64,6.8,Haramaya
4.36,7.12,6.46,Haramaya
5.17,2.64,1.1,Grawa
4.04,6.2,8.02,Haramaya
1.62,4.66,9.13,Qarsa
0.79,4.28,11.19,Qarsa
0.16,5.47,9.46,Qarsa
0.85,3.32,10.44,Qarsa
7.52,3.32,1.93,Grawa
2.31,6.2,7.79,Haramaya
5.01,7.55,9.17,Haramaya
1.67,2.86,9.49,Qarsa
2.19,4.8,8.65,Qarsa
5.38,7.6,7.7,Haramaya
6.66,4.51,2.89,Grawa
3.94,7.43,8.78,Haramaya
1.71,8.76,7.11,Haramaya
1.21,3.84,11.76,Qarsa
5.78,3.54,2.46,Grawa
1.19,3.25,9.97,Qarsa
4.51,7.58,7.13,Haramaya
5.8,2.8,1.33,Grawa
4.8,7.21,6.99,Haramaya
2.73,5.27,9.78,Qarsa
0.15,4.85,10.59,Qarsa
0.41,3.65,9.41,Qarsa
3.65,8.41,8.78,Haramaya
3.04,3.58,9.68,Qarsa
8.75,3.6,0.37,Grawa
4.54,8.22,6.35,Haramaya
4.7,2.35,1.61,Grawa
1.91,6.37,9.08,Qarsa
4.65,8.58,8.55,Haramaya
5.15,4.41,1.55,Grawa
4.99,6.82,7.72,Haramaya
6.26,5.56,1.02,Grawa
5.96,5.13,0.13,Grawa
2.08,7.95,8.53,Haramaya
6.09,4.7,3.25,Grawa
4.13,3.77,1.57,Grawa
1.62,4.16,9.86,Qarsa
2.56,2.7,11.54,Qarsa
6.7,4.63,1.99,Grawa
6.25,3.08,2.26,Grawa
1.86,5.54,9.86,Qarsa
6.29,0.9,0.58,Grawa
1.57,5.58,10.2,Qarsa
0.07,5.35,9.34,Qarsa
4.59,7.77,7.6,Haramaya
4.06,8.47,8.05,Haramaya
3.51,9.44,7.41,Haramaya
3.87,5.7,8.0,Haramaya
5.1,8.07,8.48,Haramaya
6.94,3.49,1.9,Grawa
4.42,4.6,9.41,Haramaya
0.69,4.56,11.04,Qarsa
5.82,3.48,1.59,Grawa
5.55,6.86,9.22,Haramaya
5.94,3.7,2.45,Grawa
2.83,7.24,8.74,Haramaya
1.13,3.13,9.52,Qarsa
4.68,6.43,9.1,Haramaya
0.08,3.36,9.86,Qarsa
3.0,6.4,8.02,Haramaya
6.18,3.91,1.79,Grawa
1.79,7.06,10.64,Qarsa
1.74,2.57,10.2,Qarsa
5.56,2.84,2.28,Grawa
1.98,5.17,9.22,Qarsa
2.5,3.36,10.43,Qarsa
4.39,8.93,9.93,Haramaya
3.0,7.65,8.46,Haramaya
5.34,2.73,1.7,Grawa
2.97,7.19,8.71,Haramaya
3.1,7.56,5.76,Haramaya
6.28,3.0,3.04,Grawa
0.88,4.76,10.99,Qarsa
1.61,4.4,11.18,Qarsa
4.92,7.76,8.29,Haramaya
5.78,3.1,1.48,Grawa
1.77,3.92,8.77,Qarsa
2.69,5.02,10.12,Qarsa
2.0,4.54,11.03,Qarsa
6.59,2.94,1.73,Grawa
1.94,3.31,9.95,Qarsa
2.0,4.89,8.26,Qarsa
3.58,7.65,6.37,Haramaya
1.23,4.65,11.46,Qarsa
3.99,6.3,7.94,Haramaya
3.75,7.07,8.48,Haramaya
0.77,5.19,9.01,Qarsa
2.47,7.08,8.39,Haramaya
5.04,6.55,9.07,Haramaya
5.0,3.85,2.24,Grawa
5.62,5.12,1.1,Grawa
3.63,7.03,9.78,Haramaya
4.98,6.49,8.15,Haramaya
3.69,8.79,6.97,Haramaya
2.28,5.42,8.42,Qarsa
0.9,6.42,11.83,Qarsa
6.48,4.31,3.14,Grawa
4.58,8.23,7.32,Haramaya
0.61,3.07,8.77,Qarsa
1.06,3.71,9.22,Qarsa
3.41,6.96,6.79,Haramaya
4.52,7.58,8.11,Haramaya
3.47,5.72,6.25,Haramaya
5.33,8.39,9.98,Haramaya
4.36,7.11,9.09,Haramaya
1.65,5.19,7.73,Qarsa
2.26,5.41,10.31,Qarsa
7.43,3.36,2.49,Grawa
1.18,5.71,10.48,Qarsa
4.1,1.67,3.36,Grawa
3.67,4.65,8.88,Qarsa
7.57,3.75,0.98,Grawa
5.64,3.71,0.97,Grawa
1.94,3.73,10.43,Qarsa
3.28,5.52,7.9,Haramaya
3.96,8.08,9.41,Haramaya
1.83,1.75,10.04,Qarsa
6.88,3.28,4.02,Grawa
2.75,7.4,8.94,Haramaya
2.0,7.51,8.78,Haramaya
6.5,3.55,2.52,Grawa
1.36,4.76,10.06,Qarsa
1.08,5.1,10.1,Qarsa
6.66,4.19,2.13,Grawa
7.4,2.93,2.84,Grawa
2.87,3.74,11.99,Qarsa
7.32,2.89,1.78,Grawa
1.14,5.95,12.57,Qarsa
4.19,6.91,9.44,Haramaya
2.88,4.28,10.05,Qarsa
1.34,4.75,9.55,Qarsa
6.42,4.18,2.42,Grawa
1.26,2.36,10.65,Qarsa
6.12,3.24,3.35,Grawa
3.49,6.48,7.98,Haramaya
8.13,4.1,1.78,Grawa
3.05,7.21,8.08,Haramaya
2.75,8.8,8.57,Haramaya
5.72,2.14,0.48,Grawa
3.66,7.19,9.02,Haramaya
6.33,2.27,2.08,Grawa
3.12,4.35,8.79,Qarsa
2.75,5.53,7.93,Qarsa
2.29,3.68,8.91,Qarsa
1.01,3.71,9.83,Qarsa
2.77,4.59,9.43,Qarsa
4.13,6.55,7.83,Haramaya
8.91,3.92,3.13,Grawa
3.12,7.23,7.61,Haramaya
7.95,3.83,0.28,Grawa
6.91,3.04,1.47,Grawa
2.4,7.39,9.1,Haramaya
1.27,5.23,8.42,Qarsa
5.82,1.65,2.05,Grawa
1.23,5.6,10.42,Qarsa
1.02,5.28,9.3,Qarsa
1.99,3.21,10.52,Qarsa
2.73,7.21,7.99,Haramaya
3.1,4.94,9.67,Qarsa
7.16,4.32,3.02,Grawa
2.99,5.94,6.43,Haramaya
3.36,7.29,9.72,Haramaya
5.51,7.3,8.82,Haramaya
2.96,6.86,10.47,Qarsa
4.06,6.01,7.9,Haramaya
6.08,3.76,3.83,Grawa
1.85,4.59,8.64,Qarsa
2.75,4.05,10.54,Qarsa
5.72,3.56,2.5,Grawa
4.58,5.68,7.89,Haramaya
3.04,7.9,8.15,Haramaya
1.73,4.24,10.35,Qarsa
1.02,5.95,9.81,Qarsa
3.12,6.27,6.04,Haramaya
3.19,8.42,8.12,Haramaya
0.99,4.65,8.51,Qarsa
5.94,3.69,0.8,Grawa
0.89,3.74,11.16,Qarsa
0.04,5.25,11.45,Qarsa
1.34,3.6,11.66,Qarsa
7.32,3.63,2.16,Grawa
1.73,5.51,10.64,Qarsa
2.51,5.04,10.77,Qarsa
4.58,7.72,7.99,Haramaya
2.28,5.63,8.4,Qarsa
3.67,7.73,7.92,Haramaya
4.95,5.62,7.25,Haramaya
1.11,5.25,11.17,Qarsa
1.23,4.98,10.15,Qarsa
6.08,6.57,7.78,Haramaya
2.18,3.45,10.03,Qarsa
3.19,7.89,7.44,Haramaya
4.77,2.91,0.58,Grawa
3.4,4.6,9.3,Qarsa
5.87,4.18,1.32,Grawa
6.1,2.31,2.24,Grawa
1.95,5.4,10.08,Qarsa
2.99,7.33,8.72,Haramaya
1.98,4.72,7.54,Qarsa
7.82,2.04,3.02,Grawa
5.9,2.43,2.35,Grawa
1.93,4.72,10.11,Qarsa
4.68,6.83,8.62,Haramaya
6.33,5.22,8.02,Haramaya
2.78,4.81,10.02,Qarsa
5.38,7.78,8.75,Haramaya
4.51,7.12,6.95,Haramaya
5.33,5.73,1.03,Grawa
1.37,3.16,9.6,Qarsa
0.25,3.52,8.93,Qarsa
6.23,2.85,1.69,Grawa
7.03,4.15,2.14,Grawa
5.47,4.55,3.04,Grawa
3.74,2.49,3.41,Grawa
2.58,8.45,6.37,Haramaya
1.07,3.06,9.17,Qarsa
3.98,7.18,8.07,Haramaya
3.28,5.58,7.84,Haramaya
3.38,6.56,8.74,Haramaya
2.42,3.84,9.45,Qarsa
2.23,5.18,8.97,Qarsa
0.53,6.03,10.32,Qarsa
2.33,3.35,9.18,Qarsa
5.44,2.22,1.97,Grawa
4.67,5.61,6.13,Haramaya
5.13,4.03,3.06,Grawa
4.91,7.82,9.11,Haramaya
5.3,1.61,2.21,Grawa
5.73,9.07,8.51,Haramaya
6.54,1.62,0.79,Grawa
5.87,3.25,2.34,Grawa
1.94,7.42,9.52,Haramaya
2.5,6.47,11.74,Qarsa
5.52,3.19,1.77,Grawa
2.17,5.68,8.95,Qarsa
7.38,2.36,1.96,Grawa
3.92,5.67,9.21,Haramaya
6.14,2.27,1.79,Grawa
2.08,5.54,9.66,Qarsa
2.39,3.47,9.88,Qarsa
2.14,3.76,10.01,Qarsa
3.27,7.59,7.71,Haramaya
4.57,5.95,8.79,Haramaya
5.38,8.11,8.61,Haramaya
8.41,3.89,3.82,Grawa
5.58,1.79,1.46,Grawa
4.26,2.54,2.94,Grawa
4.02,7.17,9.36,Haramaya
0.03,5.72,9.13,Qarsa
5.38,4.79,0.44,Grawa
6.36,5.22,8.28,Haramaya
0.97,5.57,10.73,Qarsa
3.42,8.92,5.85,Haramaya
6.61,3.82,3.25,Grawa
1.29,5.77,9.98,Qarsa
1.0,4.36,9.63,Qarsa
4.9,2.35,2.33,Grawa
0.93,2.97,9.67,Qarsa
7.08,3.12,0.52,Grawa
3.13,7.11,9.88,Haramaya
8.21,1.82,2.0,Grawa
2.31,7.24,8.2,Haramaya
6.02,2.8,2.23,Grawa
4.41,3.85,1.54,Grawa
5.14,6.73,6.94,Haramaya
2.05,5.03,10.76,Qarsa
3.1,6.02,9.66,Qarsa
7.42,3.79,1.97,Grawa
3.07,7.2,7.09,Haramaya
4.07,8.08,7.63,Haramaya
5.17,5.67,7.35,Haramaya
6.43,3.19,1.36,Grawa
1.08,3.87,11.56,Qarsa
6.62,2.96,1.12,Grawa
3.58,8.09,8.94,Haramaya
6.04,2.2,1.6,Grawa
2.03,5.38,11.37,Qarsa
1.83,3.89,6.92,Qarsa
0.8,3.96,10.36,Qarsa
3.76,7.15,7.81,Haramaya
4.61,2.05,2.36,Grawa
6.64,6.86,8.92,Haramaya
3.57,6.18,8.66,Haramaya
4.06,8.39,8.02,Haramaya
1.67,4.12,11.38,Qarsa
4.25,6.87,7.27,Haramaya
5.69,1.97,2.1,Grawa
1.47,4.58,9.37,Qarsa
1.26,3.61,9.28,Qarsa
6.54,3.29,1.03,Grawa
0.82,3.33,10.4,Qarsa
5.13,6.81,9.2,Haramaya
1.14,2.78,9.58,Qarsa
5.76,2.69,2.62,Grawa
3.38,6.86,9.14,Haramaya
6.64,3.79,2.58,Grawa
0.49,4.93,8.97,Qarsa
3.67,5.47,10.01,Haramaya
4.38,7.02,9.25,Haramaya
0.74,4.49,9.77,Qarsa
4.17,6.79,6.36,Haramaya
7.38,4.52,2.64,Grawa
8.05,4.53,2.15,Grawa
3.97,6.0,9.12,Haramaya
0.78,3.55,10.15,Qarsa
6.59,3.96,2.09,Grawa
0.86,2.88,12.09,Qarsa
6.03,2.37,2.62,Grawa
4.58,8.41,7.83,Haramaya
4.65,7.71,8.73,Haramaya
8.45,3.44,3.52,Grawa
1.23,3.01,11.39,Qarsa
8.83,3.71,1.6,Grawa
7.15,4.69,2.14,Grawa
6.42,4.4,1.96,Grawa
3.04,4.76,7.92,Qarsa
3.64,8.31,6.9,Haramaya
5.95,1.83,3.05,Grawa
6.18,2.29,2.43,Grawa
2.13,4.08,10.71,Qarsa
7.44,4.68,1.83,Grawa
5.54,5.34,7.9,Haramaya
0.26,3.59,10.38,Qarsa
1.53,3.66,10.09,Qarsa
5.42,2.15,1.76,Grawa
3.48,7.72,7.35,Haramaya
4.93,6.11,8.36,Haramaya
0.54,5.3,11.08,Qarsa
1.39,4.64,11.61,Qarsa
6.16,7.51,7.99,Haramaya
4.2,6.62,9.09,Haramaya
2.03,3.98,11.24,Qarsa
1.67,5.29,10.32,Qarsa
7.54,3.52,3.07,Grawa
2.57,9.02,8.19,Haramaya
1.93,5.3,8.94,Qarsa
4.96,6.41,8.47,Haramaya
5.79,1.88,2.62,Grawa
1.79,5.57,10.65,Qarsa
3.75,5.58,7.51,Haramaya
5.13,2.62,0.89,Grawa
0.96,5.46,10.68,Qarsa
2.87,8.38,7.95,Haramaya
6.08,2.82,1.58,Grawa
3.5,4.65,9.7,Qarsa
0.79,5.99,10.48,Qarsa
4.24,7.2,9.17,Haramaya
3.54,7.79,9.09,Haramaya
1.07,4.35,10.07,Qarsa
3.94,5.37,7.16,Haramaya
4.5,7.43,9.39,Haramaya
1.09,6.47,10.34,Qarsa
4.85,8.71,8.29,Haramaya
1.78,4.62,9.75,Qarsa
5.49,7.67,8.0,Haramaya
3.08,4.5,9.46,Qarsa
5.65,3.51,1.85,Grawa
4.91,3.6,1.69,Grawa
5.43,3.89,2.54,Grawa
4.92,9.51,9.61,Haramaya
4.07,7.42,9.88,Haramaya
7.01,5.1,1.17,Grawa
7.39,2.09,2.0,Grawa
3.76,6.9,7.92,Haramaya
7.2,2.92,1.35,Grawa
4.24,4.24,10.64,Qarsa
4.06,7.59,7.67,Haramaya
1.16,4.9,10.08,Qarsa
4.73,7.61,9.47,Haramaya
5.51,1.85,1.91,Grawa
7.02,3.46,2.33,Grawa
4.29,6.51,7.26,Haramaya
6.52,7.3,8.63,Haramaya
5.12,7.0,8.41,Haramaya
1.64,4.14,10.37,Qarsa
4.64,2.73,2.57,Grawa
6.18,6.47,8.5,Haramaya
5.65,6.34,8.46,Haramaya
2.42,5.68,8.92,Qarsa
3.13,6.99,8.39,Haramaya
5.36,3.69,2.92,Grawa
6.19,2.32,2.68,Grawa
5.03,2.63,1.52,Grawa
0.4,3.98,11.43,Qarsa
0.39,3.62,9.28,Qarsa
1.67,5.3,10.63,Qarsa
6.7,1.82,2.39,Grawa
8.63,4.27,0.29,Grawa
7.19,4.23,1.64,Grawa
2.03,8.66,8.43,Haramaya
3.79,6.33,7.96,Haramaya
5.7,6.83,9.33,Haramaya
5.05,5.3,7.0,Haramaya
7.13,2.87,3.08,Grawa
3.71,4.54,8.24,Haramaya
5.88,3.4,0.97,Grawa
3.08,6.67,8.65,Haramaya
6.5,3.18,2.43,Grawa
2.78,3.75,9.78,Qarsa
5.7,4.76,2.29,Grawa
5.12,6.27,8.22,Haramaya
3.94,8.73,9.08,Haramaya
6.16,2.98,2.83,Grawa
2.05,3.72,10.12,Qarsa
1.85,2.85,8.41,Qarsa
1.0,2.83,9.08,Qarsa
3.5,9.63,7.7,Haramaya
4.55,9.58,8.55,Haramaya
2.32,8.56,6.76,Haramaya
6.75,3.29,2.4,Grawa
0.98,2.89,9.09,Qarsa
7.07,4.79,3.2,Grawa
9.12,1.98,2.3,Grawa
2.35,7.54,8.51,Haramaya
2.85,3.09,8.25,Qarsa
3.29,8.17,8.31,Haramaya
6.39,6.31,8.55,Haramaya
6.44,5.22,2.07,Grawa
6.79,2.35,2.96,Grawa
1.45,4.63,8.66,Qarsa
5.06,6.92,6.39,Haramaya
7.2,0.48,1.5,Grawa
7.54,3.86,2.75,Grawa
7.24,0.22,2.53,Grawa
6.41,2.39,2.14,Grawa
1.35,4.62,10.72,Qarsa
0.38,8.84,8.28,Haramaya
1.71,8.09,8.1,Haramaya
5.09,6.94,9.16,Haramaya
1.33,4.11,10.03,Qarsa
4.68,7.76,9.46,Haramaya
6.2,3.8,0.91,Grawa
7.18,2.96,3.49,Grawa
6.93,2.78,2.69,Grawa
5.05,7.06,6.9,Haramaya
1.55,3.16,8.4,Qarsa
2.8,7.13,7.54,Haramaya
0.57,3.96,9.86,Qarsa
1.94,4.07,10.41,Qarsa
2.85,6.04,10.84,Qarsa
3.8,7.19,9.02,Haramaya
2.58,7.62,7.05,Haramaya
1.28,5.03,10.13,Qarsa
2.44,6.6,8.79,Haramaya
8.69,1.4,0.87,Grawa
0.06,4.69,9.46,Qarsa
7.43,2.49,2.24,Grawa
7.34,1.85,2.04,Grawa
6.96,3.24,2.27,Grawa
1.64,4.34,10.46,Qarsa
1.43,4.96,8.33,Qarsa
7.01,2.24,3.0,Grawa
3.39,6.67,8.45,Haramaya
5.19,8.19,10.16,Haramaya
6.42,3.08,1.95,Grawa
5.93,3.1,2.68,Grawa
2.01,3.67,10.85,Qarsa
4.76,4.22,0.22,Grawa
7.56,3.73,2.76,Grawa
1.29,5.22,10.35,Qarsa
6.2,1.82,2.16,Grawa
0.19,4.79,10.52,Qarsa
6.49,1.59,1.74,Grawa
6.22,1.78,3.14,Grawa
4.33,6.02,10.59,Haramaya
3.79,7.77,6.78,Haramaya
0.75,4.63,9.02,Qarsa
4.97,2.65,2.39,Grawa
3.75,7.59,7.44,Haramaya
5.25,3.22,1.48,Grawa
0.12,5.51,11.42,Qarsa
4.33,6.08,9.12,Haramaya
0.67,4.39,8.66,Qarsa
3.07,6.81,6.99,Haramaya
4.12,7.12,9.32,Haramaya
1.4,5.21,9.06,Qarsa
3.61,6.39,9.41,Haramaya
5.13,7.24,8.92,Haramaya
7.29,3.02,3.25,Grawa
2.35,6.35,8.96,Haramaya
5.39,2.45,1.1,Grawa
4.22,7.39,8.53,Haramaya
6.97,4.18,2.5,Grawa
3.15,6.31,10.94,Qarsa
5.66,2.69,1.49,Grawa
1.71,4.27,9.84,Qarsa
2.51,6.44,8.77,Haramaya
0.59,2.51,10.54,Qarsa
3.89,6.09,8.28,Haramaya
4.37,9.46,8.11,Haramaya
5.53,3.03,2.19,Grawa
2.57,7.67,7.4,Haramaya
5.85,3.65,2.61,Grawa
3.61,3.07,2.53,Grawa
1.5,3.86,9.17,Qarsa
7.31,2.72,2.87,Grawa
0.16,3.52,7.7,Qarsa
4.4,6.9,9.41,Haramaya
2.01,4.15,10.13,Qarsa
0.6,4.59,10.34,Qarsa
3.48,2.22,9.7,Qarsa
3.21,6.59,8.83,Qarsa
5.06,2.59,2.74,Grawa
1.87,6.71,9.21,Haramaya
5.4,3.14,1.89,Grawa
4.79,6.58,7.36,Haramaya
1.35,3.92,12.02,Qarsa
0.62,3.23,10.06,Qarsa
6.38,3.59,0.28,Grawa
5.91,2.9,3.27,Grawa
5.84,4.57,0.46,Grawa
4.18,5.3,8.39,Haramaya
0.13,4.61,11.12,Qarsa
1.39,3.11,9.67,Qarsa
7.53,3.73,2.46,Grawa
0.3,4.81,11.12,Qarsa
2.93,7.01,8.33,Haramaya
3.6,6.4,6.56,Haramaya
4.19,7.25,8.47,Haramaya
7.41,3.33,2.25,Grawa
0.84,7.34,9.78,Qarsa
2.75,6.12,9.22,Haramaya
4.8,1.17,2.3,Grawa
7.65,2.91,2.62,Grawa
5.03,4.02,2.66,Grawa
1.46,4.14,9.72,Qarsa
7.24,4.11,1.54,Grawa
7.32,2.3,3.27,Grawa
2.09,5.25,8.85,Haramaya
3.6,2.73,8.68,Qarsa
5.92,2.91,0.54,Grawa
6.59,1.95,2.4,Grawa
2.7,4.69,10.16,Qarsa
3.49,7.3,7.91,Haramaya
3.89,7.38,7.95,Haramaya
4.69,4.11,2.19,Grawa
2.51,6.15,8.88,Haramaya
2.68,5.41,7.06,Haramaya
5.1,7.49,9.24,Haramaya
0.79,4.34,8.46,Qarsa
6.47,2.44,1.31,Grawa
1.71,3.63,8.7,Qarsa
7.06,2.66,1.61,Grawa
3.56,6.92,8.73,Haramaya
5.63,1.87,1.68,Grawa
5.04,2.57,0.68,Grawa
3.21,3.19,8.7,Qarsa
6.26,4.88,0.74,Grawa
7.44,2.47,0.7,Grawa
8.28,3.38,2.86,Grawa
3.67,6.39,8.01,Haramaya
7.32,3.32,3.46,Grawa
4.29,7.81,7.34,Haramaya
0.33,5.17,7.99,Qarsa
3.5,4.65,9.07,Qarsa
4.24,7.1,6.25,Haramaya
0.4,3.79,9.02,Qarsa
4.11,4.64,7.69,Haramaya
2.5,9.0,8.34,Haramaya
6.95,3.24,1.62,Grawa
6.2,3.13,2.41,Grawa
6.91,3.77,2.92,Grawa
4.98,3.05,1.23,Grawa
4.57,8.3,8.5,Haramaya
2.22,6.0,8.13,Haramaya
3.67,6.27,9.1,Haramaya
4.43,7.07,10.14,Haramaya
5.97,4.68,2.06,Grawa
2.2,5.76,10.79,Qarsa
3.38,7.32,9.0,Haramaya
8.01,2.97,2.62,Grawa
5.86,2.34,1.55,Grawa
5.48,6.23,7.83,Haramaya
7.08,2.68,1.79,Grawa
2.33,3.89,8.25,Qarsa
6.03,3.24,0.51,Grawa
5.22,4.81,1.75,Grawa
3.37,7.94,8.08,Haramaya
5.68,4.64,1.7,Grawa
5.49,1.89,3.14,Grawa
0.41,3.78,9.83,Qarsa
5.17,6.21,8.43,Haramaya
4.34,6.84,7.45,Haramaya
1.5,6.11,9.4,Qarsa
3.31,6.62,9.04,Haramaya
3.11,9.21,8.1,Haramaya
5.64,4.5,1.01,Grawa
1.75,5.11,9.97,Qarsa
2.47,3.62,11.31,Qarsa
0.34,5.2,10.41,Qarsa
3.14,7.23,7.93,Haramaya
3.88,7.43,8.43,Haramaya
3.33,2.22,9.31,Qarsa
1.67,4.63,8.74,Qarsa
3.41,6.4,7.99,Haramaya
1.15,5.26,10.04,Qarsa
3.45,5.59,9.56,Haramaya
3.43,7.63,8.37,Haramaya
1.7,5.71,9.12,Qarsa
1.38,3.0,9.79,Qarsa
4.68,5.65,2.36,Grawa
4.37,8.53,9.35,Haramaya
1.61,5.65,8.15,Qarsa
5.99,2.83,2.51,Grawa
6.6,3.77,2.23,Grawa
3.32,6.54,8.42,Haramaya
2.02,4.23,8.23,Qarsa
6.68,3.78,3.34,Grawa
2.37,4.77,10.05,Qarsa
2.36,4.71,11.37,Qarsa
5.87,2.37,1.98,Grawa
7.57,3.67,1.53,Grawa
5.44,0.23,2.39,Grawa
3.24,7.29,7.56,Haramaya
0.15,3.22,10.49,Qarsa
6.35,1.92,1.47,Grawa
5.3,2.42,3.69,Grawa
6.66,3.97,0.84,Grawa
5.11,2.18,4.48,Grawa
1.6,4.87,9.31,Qarsa
5.58,3.87,2.39,Grawa
5.2,6.74,7.53,Haramaya
2.44,7.01,6.31,Haramaya
3.95,7.5,8.22,Haramaya
5.47,3.45,9.56,Qarsa
3.33,4.64,9.73,Qarsa
8.49,4.19,2.68,Grawa
1.44,6.39,9.97,Qarsa
6.17,3.92,2.55,Grawa
6.59,4.79,1.27,Grawa
2.63,4.41,9.22,Qarsa
1.83,3.79,9.27,Qarsa
6.19,3.41,1.65,Grawa
6.63,1.85,2.22,Grawa
5.44,2.7,4.7,Grawa
3.54,7.78,8.03,Haramaya
5.85,2.35,0.59,Grawa
1.84,4.85,9.38,Qarsa
2.09,4.07,9.38,Qarsa
1.94,7.31,10.07,Qarsa
4.66,7.53,8.9,Haramaya
2.5,8.01,6.99,Haramaya
5.9,2.02,0.53,Grawa
2.9,4.7,8.04,Haramaya
4.69,8.39,7.53,Haramaya
5.7,2.3,1.91,Grawa
1.71,3.25,10.8,Qarsa
4.17,8.17,7.28,Haramaya
0.0,4.27,11.91,Qarsa
2.69,8.6,9.31,Haramaya
2.94,5.2,9.25,Qarsa
2.5,3.73,10.06,Qarsa
5.15,8.82,8.4,Haramaya
5.88,3.62,2.13,Grawa
6.49,4.06,2.34,Grawa
2.92,4.81,10.55,Qarsa
5.53,6.6,7.93,Haramaya
1.63,3.66,9.19,Qarsa
1.43,4.55,12.07,Qarsa
1.7,2.18,11.44,Qarsa
0.46,2.58,10.38,Qarsa
4.31,6.11,8.37,Haramaya
4.84,4.36,0.91,Grawa
5.73,8.1,8.75,Haramaya
4.0,7.16,7.36,Haramaya
4.47,4.34,2.2,Grawa
6.62,3.09,1.91,Grawa
1.31,4.62,11.03,Qarsa
1.02,4.94,8.55,Qarsa
1.07,4.61,8.83,Qarsa
2.52,4.52,11.85,Qarsa
3.19,5.5,9.52,Haramaya
6.45,0.45,1.71,Grawa
2.88,3.74,10.04,Qarsa
0.39,5.69,9.83,Qarsa
4.57,6.3,8.97,Haramaya
5.91,3.15,1.07,Grawa
7.48,3.8,3.07,Grawa
1.2,5.12,9.7,Qarsa
0.55,4.92,9.38,Qarsa
5.56,2.43,2.6,Grawa
0.94,4.16,10.05,Qarsa
0.93,4.09,9.87,Qarsa
5.11,2.73,2.06,Grawa
3.53,3.53,9.7,Qarsa
5.32,2.92,0.03,Grawa
4.39,4.89,7.28,Haramaya
2.81,6.45,6.88,Haramaya
1.94,4.84,9.96,Qarsa
1.77,4.56,7.48,Qarsa
3.79,5.86,8.14,Haramaya
5.58,4.33,0.51,Grawa
3.26,7.82,6.84,Haramaya
6.47,2.82,1.77,Grawa
6.14,2.77,2.7,Grawa
7.18,7.34,7.75,Haramaya
6.77,3.88,2.91,Grawa
7.54,2.3,2.92,Grawa
1.69,4.24,9.33,Qarsa
6.56,3.96,2.64,Grawa
2.37,4.08,10.41,Qarsa
4.25,6.0,8.53,Haramaya
1.02,5.09,9.57,Qarsa
2.41,5.46,9.09,Qarsa
7.74,5.13,2.18,Grawa
5.45,3.89,2.5,Grawa
4.58,3.72,2.4,Grawa
2.07,4.38,8.46,Qarsa
5.84,3.51,2.4,Grawa
6.62,3.25,2.0,Grawa
1.61,3.65,11.52,Qarsa
1.07,3.42,9.07,Qarsa
1.23,5.25,10.7,Qarsa
4.72,6.96,9.63,Haramaya
1.38,4.97,8.73,Qarsa
2.5,7.97,7.29,Haramaya
1.9,4.35,11.01,Qarsa
0.45,2.88,9.11,Qarsa
6.04,2.06,1.73,Grawa
2.1,3.23,10.68,Qarsa
6.08,2.82,1.59,Grawa
6.37,3.41,1.79,Grawa
5.82,1.69,0.94,Grawa
5.86,3.34,2.02,Grawa
4.61,7.12,8.69,Haramaya
6.23,3.13,1.68,Grawa
1.91,3.95,10.24,Qarsa
5.96,3.58,1.39,Grawa
3.72,5.97,7.49,Haramaya
6.42,2.12,2.76,Grawa
5.77,7.52,7.49,Haramaya
4.91,7.93,10.55,Haramaya
6.06,2.17,1.13,Grawa
5.88,2.32,1.18,Grawa
5.52,6.84,8.12,Haramaya
4.47,7.44,8.34,Haramaya
2.19,5.82,7.89,Qarsa
6.08,5.46,2.94,Grawa
0.38,5.13,9.54,Qarsa
6.26,3.13,2.61,Grawa
7.09,3.9,2.0,Grawa
6.79,5.28,1.68,Grawa
1.01,2.78,11.14,Qarsa
1.29,4.54,8.91,Qarsa
4.15,9.42,5.78,Haramaya
5.78,3.22,3.1,Grawa
0.51,2.78,9.43,Qarsa
4.55,5.12,7.18,Haramaya
6.56,2.15,1.21,Grawa
6.3,3.56,2.08,Grawa
5.67,3.42,0.82,Grawa
5.47,2.12,3.3,Grawa
0.21,4.55,7.99,Qarsa
4.48,3.38,2.88,Grawa
5.17,6.23,9.38,Haramaya
1.53,4.25,9.55,Qarsa
5.25,9.6,8.21,Haramaya
5.52,2.36,1.08,Grawa
2.27,4.07,9.99,Qarsa
2.36,7.53,7.31,Haramaya
5.1,2.61,1.68,Grawa
3.44,4.88,8.4,Qarsa
4.26,7.27,8.44,Haramaya
2.85,6.32,9.99,Haramaya
5.17,3.12,2.04,Grawa
6.12,1.92,0.84,Grawa
2.2,6.29,8.0,Haramaya
2.23,3.52,10.07,Qarsa
4.03,8.02,8.14,Haramaya
1.85,5.82,11.42,Qarsa
6.57,2.29,2.12,Grawa
2.15,4.18,10.24,Qarsa
3.24,7.28,7.19,Haramaya
3.74,7.1,7.3,Haramaya
4.46,8.25,7.14,Haramaya
3.25,8.38,8.87,Haramaya
4.3,8.01,9.09,Haramaya
0.91,4.36,9.11,Qarsa
6.39,4.55,1.31,Grawa
3.72,4.93,9.69,Qarsa
4.31,6.93,8.27,Haramaya
0.11,4.79,11.06,Qarsa
4.5,7.07,7.03,Haramaya
5.9,1.82,1.15,Grawa
6.72,3.38,1.38,Grawa
4.7,6.91,8.08,Haramaya
2.06,4.14,9.44,Qarsa
7.05,2.59,2.73,Grawa
8.56,3.36,3.25,Grawa
1.28,5.29,11.33,Qarsa
3.54,7.28,7.37,Haramaya
0.4,4.19,11.87,Qarsa
3.65,7.08,9.49,Haramaya
2.9,5.51,7.62,Haramaya
4.16,7.12,8.33,Haramaya
1.91,4.56,12.79,Qarsa
1.73,1.52,8.98,Qarsa
1.21,3.6,9.13,Qarsa
4.38,7.12,7.67,Haramaya
9.15,3.77,0.83,Grawa
5.84,3.46,1.49,Grawa
1.23,4.48,10.45,Qarsa
1.1,3.27,8.12,Qarsa
5.77,2.72,2.72,Grawa
4.49,5.18,9.87,Qarsa
3.21,3.7,10.07,Qarsa
5.08,1.81,1.75,Grawa
7.79,3.6,1.99,Grawa
9.32,2.42,2.17,Grawa
6.23,2.49,0.3,Grawa
2.26,3.3,10.29,Qarsa
6.75,4.02,3.64,Grawa
5.4,3.33,1.67,Grawa
4.14,7.75,8.68,Haramaya
2.79,4.51,10.85,Qarsa
6.65,2.93,2.16,Grawa
2.66,2.88,10.48,Qarsa
6.26,5.08,3.46,Grawa
5.58,3.37,2.48,Grawa
1.96,4.71,9.12,Qarsa
2.81,3.28,9.95,Qarsa
5.78,5.67,7.18,Haramaya
5.81,3.8,3.06,Grawa
3.08,8.21,8.62,Haramaya
1.86,4.7,10.93,Qarsa
2.3,3.56,9.01,Qarsa
4.47,6.14,9.79,Haramaya
6.86,4.19,1.33,Grawa
7.39,1.73,3.93,Grawa
2.91,4.75,9.93,Qarsa
3.5,5.86,8.81,Haramaya
3.5,4.81,7.33,Haramaya
4.09,6.31,8.79,Haramaya
1.0,4.62,9.26,Qarsa
8.18,2.97,1.48,Grawa
6.58,3.94,3.01,Grawa
4.64,6.42,7.47,Haramaya
3.88,7.97,8.81,Haramaya
7.11,1.97,2.33,Grawa
4.17,7.21,7.51,Haramaya
4.85,6.58,8.9,Haramaya
4.36,8.06,6.67,Haramaya
2.71,8.3,8.38,Haramaya
3.53,5.88,9.29,Haramaya
2.84,3.79,11.36,Qarsa
6.38,2.67,0.56,Grawa
6.43,4.09,2.58,Grawa
1.59,5.21,10.03,Qarsa
3.29,7.79,8.73,Haramaya
2.16,4.21,10.11,Qarsa
4.83,2.85,1.67,Grawa
6.27,3.02,2.37,Grawa
7.1,4.19,1.5,Grawa
7.96,3.3,1.62,Grawa
1.31,6.59,8.43,Haramaya
4.44,6.28,9.07,Haramaya
4.78,8.04,8.52,Haramaya
2.62,4.43,11.34,Qarsa
4.25,8.47,8.19,Haramaya
0.11,5.01,8.78,Qarsa
2.11,4.57,10.33,Qarsa
2.85,5.32,10.3,Qarsa
4.71,2.34,2.3,Grawa
6.16,3.98,3.15,Grawa
6.81,1.89,1.67,Grawa
6.4,4.0,2.43,Grawa
2.5,8.15,7.87,Haramaya
5.03,6.82,11.19,Haramaya
3.9,6.68,9.11,Haramaya
5.46,6.07,8.07,Haramaya
2.5,4.73,10.44,Qarsa
5.91,2.67,1.85,Grawa
0.68,2.89,8.26,Qarsa
2.64,4.2,10.16,Qarsa
3.32,8.23,10.59,Haramaya
9.12,4.58,2.57,Grawa
0.63,4.47,9.67,Qarsa
3.46,7.08,7.3,Haramaya
5.06,2.63,2.29,Grawa
4.51,2.49,2.08,Grawa
7.97,3.45,2.51,Grawa
5.47,2.64,3.08,Grawa
4.07,7.29,7.36,Haramaya
6.54,2.15,1.47,Grawa
6.6,5.01,2.02,Grawa
0.73,4.2,9.61,Qarsa
6.26,3.91,2.55,Grawa
3.86,7.26,7.46,Haramaya
1.23,2.9,10.48,Qarsa
5.53,2.59,1.99,Grawa
0.24,5.07,9.05,Qarsa
8.48,3.07,0.93,Grawa
5.87,4.3,1.42,Grawa
5.43,3.64,2.38,Grawa
6.06,4.19,1.28,Grawa
3.72,7.36,6.74,Haramaya
4.62,7.61,8.08,Haramaya
4.96,3.13,3.18,Grawa
4.21,9.21,7.04,Haramaya
0.84,5.32,10.31,Qarsa
4.98,1.9,3.3,Grawa
3.54,7.35,6.67,Haramaya
6.31,3.58,1.92,Grawa
4.49,8.57,9.15,Haramaya
1.47,3.25,11.07,Qarsa
0.43,3.81,9.19,Qarsa
3.03,6.76,8.7,Haramaya
2.56,6.26,8.67,Haramaya
5.46,2.43,2.23,Grawa
4.7,6.58,7.07,Haramaya
5.67,4.5,2.36,Grawa
4.92,2.89,2.2,Grawa
3.1,4.48,10.22,Qarsa
3.21,6.91,5.81,Haramaya
3.86,6.05,8.93,Haramaya
1.71,2.66,10.08,Qarsa
3.0,5.82,8.78,Haramaya
0.45,4.19,11.16,Qarsa
2.67,7.97,7.59,Haramaya
1.33,3.3,10.13,Qarsa
3.11,6.01,10.74,Qarsa
5.25,6.72,6.92,Haramaya
1.77,4.8,9.3,Qarsa
2.34,3.06,10.18,Qarsa
3.86,6.71,8.66,Haramaya
6.52,3.45,2.3,Grawa
1.52,3.8,10.31,Qarsa
1.1,5.66,10.85,Qarsa
7.51,3.43,3.49,Grawa
2.19,4.66,10.74,Qarsa
5.34,2.71,1.78,Grawa
1.86,4.64,9.84,Qarsa
5.47,4.53,4.42,Grawa
5.3,7.73,8.64,Haramaya
4.82,1.43,2.45,Grawa
1.31,2.5,9.88,Qarsa
3.22,5.05,9.06,Haramaya
1.2,2.55,9.81,Qarsa
1.61,5.09,9.29,Qarsa
5.05,7.15,6.55,Haramaya
7.06,3.49,1.36,Grawa
2.0,5.67,9.64,Qarsa
6.23,2.37,0.7,Grawa
5.76,2.75,0.46,Grawa
4.17,7.58,7.27,Haramaya
4.95,6.05,8.2,Haramaya
3.74,5.73,7.74,Haramaya
4.87,3.22,1.02,Grawa
2.51,7.39,7.14,Haramaya
4.61,7.85,8.85,Haramaya
4.23,7.67,8.11,Haramaya
4.39,2.23,2.43,Grawa
2.02,7.79,9.58,Qarsa
0.47,5.77,10.29,Qarsa
5.16,8.24,8.1,Haramaya
8.51,2.86,0.51,Grawa
6.64,3.34,2.67,Grawa
1.7,4.24,11.79,Qarsa
3.53,7.5,5.97,Haramaya
2.18,8.3,9.45,Haramaya
5.11,9.03,8.71,Haramaya
0.81,4.07,9.22,Qarsa
3.1,6.91,9.26,Haramaya
4.55,7.92,8.11,Haramaya
2.06,4.59,9.19,Qarsa
3.31,4.82,8.72,Haramaya
5.84,2.21,0.15,Grawa
2.64,5.98,8.82,Haramaya
3.06,4.07,10.23,Qarsa
0.89,4.71,10.37,Qarsa
1.65,5.16,10.83,Qarsa
6.91,3.72,0.14,Grawa
5.74,8.03,8.7,Haramaya
2.87,7.91,9.72,Haramaya
7.24,4.92,2.48,Grawa
4.7,5.53,7.51,Haramaya
7.85,2.25,3.34,Grawa
5.77,7.72,9.27,Haramaya
5.32,2.22,1.25,Grawa
2.73,5.78,9.94,Qarsa
4.4,7.34,8.34,Haramaya
3.64,5.21,10.11,Qarsa
3.2,7.74,7.24,Haramaya
2.81,7.65,8.49,Haramaya
2.19,3.94,9.52,Qarsa
4.63,5.64,8.13,Haramaya
4.21,6.24,8.0,Haramaya
3.96,5.99,8.72,Haramaya
4.38,7.97,8.24,Haramaya
5.29,1.52,3.36,Grawa
4.03,7.04,6.29,Haramaya
3.66,7.01,7.8,Haramaya
2.06,3.02,8.58,Qarsa
2.23,7.19,8.62,Haramaya
2.61,9.19,9.64,Haramaya
6.14,7.84,8.09,Haramaya
3.75,7.48,8.42,Haramaya
2.87,7.64,7.78,Haramaya
5.55,2.52,1.66,Grawa
2.28,4.8,10.35,Qarsa
1.3,3.85,10.0,Qarsa
1.52,6.14,9.62,Qarsa
3.25,5.63,10.09,Qarsa
7.1,2.94,2.1,Grawa
3.15,7.73,8.22,Haramaya
7.81,4.14,3.52,Grawa
5.75,4.51,0.94,Grawa
0.0,4.97,9.95,Qarsa
6.15,2.15,1.49,Grawa
1.08,4.2,9.57,Qarsa
6.86,1.4,2.8,Grawa
3.58,3.4,8.9,Qarsa
5.11,7.01,8.21,Haramaya
3.5,4.66,8.8,Haramaya
3.08,6.41,7.63,Haramaya
3.18,5.86,10.34,Qarsa
2.42,5.35,7.8,Haramaya
5.09,5.25,1.1,Grawa
7.81,3.29,2.04,Grawa
1.34,3.12,10.59,Qarsa
4.47,6.6,9.8,Haramaya
2.08,3.28,11.99,Qarsa
3.97,5.03,6.72,Haramaya
2.93,5.72,8.0,Haramaya
8.72,4.94,3.21,Grawa
2.23,4.96,9.69,Qarsa
4.55,5.99,7.5,Haramaya
2.22,1.79,8.79,Qarsa
4.14,9.38,8.76,Haramaya
2.96,8.24,8.21,Haramaya
5.85,2.3,3.99,Grawa
1.36,5.86,10.27,Qarsa
1.01,3.8,10.85,Qarsa
3.62,5.94,6.95,Haramaya
4.76,9.09,7.84,Haramaya
4.61,2.01,2.37,Grawa
5.74,3.05,3.74,Grawa
6.99,2.81,3.63,Grawa
6.48,3.68,2.41,Grawa
1.78,5.64,7.29,Haramaya
0.61,5.42,9.93,Qarsa
4.36,5.98,7.48,Haramaya
2.33,6.22,11.02,Qarsa
0.4,4.85,11.0,Qarsa
5.49,3.7,3.42,Grawa
1.42,6.9,7.78,Haramaya
5.24,1.56,2.8,Grawa
4.09,5.88,7.22,Haramaya
1.85,3.57,9.91,Qarsa
4.73,7.72,8.0,Haramaya
7.27,3.51,2.33,Grawa
6.95,2.51,2.21,Grawa
2.34,3.6,10.88,Qarsa
1.55,4.74,8.67,Qarsa
7.62,1.39,0.86,Grawa
1.87,4.94,8.59,Qarsa
1.94,5.71,9.8,Qarsa
7.27,4.26,3.14,Grawa
7.73,2.09,2.63,Grawa
3.26,7.7,9.37,Haramaya
6.43,2.7,2.27,Grawa
4.58,2.95,1.05,Grawa
4.96,7.04,8.48,Haramaya
2.75,5.62,11.49,Haramaya
5.15,6.76,8.7,Haramaya
6.87,3.74,0.61,Grawa
0.49,3.19,12.15,Qarsa
2.5,3.48,8.55,Qarsa
9.07,2.98,3.09,Grawa
4.81,6.68,8.38,Haramaya
5.8,1.15,2.22,Grawa
2.62,6.81,8.02,Haramaya
3.71,8.66,8.66,Haramaya
1.78,2.2,10.23,Qarsa
4.86,2.22,1.95,Grawa
5.61,3.39,2.67,Grawa
6.07,4.55,2.89,Grawa
4.69,2.87,1.15,Grawa
3.13,3.56,9.36,Qarsa
4.2,7.4,7.1,Haramaya
1.08,4.0,7.7,Qarsa
2.39,5.47,8.87,Qarsa
7.1,2.03,1.51,Grawa
0.96,3.05,9.11,Qarsa
1.81,4.88,9.77,Qarsa
3.67,8.99,10.33,Haramaya
2.0,6.69,9.5,Qarsa
5.39,7.17,8.23,Haramaya
2.74,7.71,8.21,Haramaya
4.09,6.79,8.12,Haramaya
1.12,4.45,10.76,Qarsa
2.58,4.99,10.16,Qarsa
7.05,2.58,2.12,Grawa
3.44,7.1,9.77,Haramaya
3.46,5.88,7.27,Haramaya
6.92,6.19,0.14,Grawa
5.22,2.63,3.05,Grawa
4.8,7.99,7.55,Haramaya
0.14,5.0,10.75,Qarsa
3.1,5.79,8.03,Haramaya
0.97,5.34,10.73,Qarsa
5.08,2.4,2.34,Grawa
2.61,7.27,7.86,Haramaya
7.06,1.84,2.06,Grawa
2.1,4.53,8.64,Qarsa
7.89,2.44,2.12,Grawa
8.96,1.98,1.42,Grawa
7.72,2.28,0.38,Grawa
4.85,2.91,1.5,Grawa
3.46,7.5,7.59,Haramaya
3.09,8.07,9.1,Haramaya
1.52,4.42,11.49,Qarsa
3.46,6.2,9.4,Haramaya
2.46,4.13,9.37,Qarsa
2.83,7.98,7.2,Haramaya
5.37,3.87,1.85,Grawa
4.51,6.71,6.68,Haramaya
2.98,5.14,8.69,Qarsa
0.14,4.19,10.82,Qarsa
4.58,8.73,7.81,Haramaya
5.54,7.12,7.01,Haramaya
2.33,4.31,13.18,Qarsa
1.99,6.53,8.56,Haramaya
4.47,7.44,10.07,Haramaya
6.9,3.16,1.64,Grawa
1.79,5.53,10.11,Qarsa
3.56,7.72,9.92,Haramaya
4.67,9.38,7.64,Haramaya
3.4,6.05,6.73,Haramaya
5.84,2.94,3.55,Grawa
6.81,2.79,2.1,Grawa
6.24,3.57,0.28,Grawa
6.13,2.64,1.51,Grawa
5.37,3.07,2.42,Grawa
2.87,3.03,9.92,Qarsa
6.84,4.35,4.2,Grawa
6.18,0.67,1.42,Grawa
6.99,2.98,0.86,Grawa
1.13,4.31,8.08,Qarsa
0.5,4.75,9.42,Qarsa
3.74,6.44,7.78,Haramaya
7.64,3.35,3.02,Grawa
6.6,3.68,3.7,Grawa
6.01,5.06,3.75,Grawa
8.04,1.11,4.05,Grawa
7.56,4.65,0.86,Grawa
1.88,4.06,9.41,Qarsa
3.47,8.0,7.01,Haramaya
4.33,7.26,8.56,Haramaya
2.53,5.28,9.45,Qarsa
2.86,7.32,9.5,Haramaya
2.46,4.23,8.53,Qarsa
7.28,2.63,1.07,Grawa
6.04,2.45,1.94,Grawa
6.23,2.51,1.96,Grawa
4.78,7.85,10.06,Haramaya
6.23,3.33,1.19,Grawa
6.21,4.1,2.27,Grawa
5.99,5.94,9.02,Haramaya
5.22,3.23,2.28,Grawa
5.88,3.79,2.28,Grawa
3.52,6.62,9.72,Haramaya
0.22,4.39,8.7,Qarsa
0.74,4.51,9.85,Qarsa
5.7,7.76,8.29,Haramaya
1.81,2.98,10.22,Qarsa
6.77,4.24,1.49,Grawa
6.33,2.52,2.05,Grawa
2.91,5.21,8.36,Haramaya
8.03,3.09,2.62,Grawa
0.13,2.9,10.27,Qarsa
2.68,8.36,7.06,Haramaya
7.4,2.39,2.66,Grawa
4.7,3.94,2.54,Grawa
5.31,3.86,3.83,Grawa
0.27,5.95,10.0,Qarsa
5.76,2.7,2.73,Grawa
5.14,5.64,9.29,Haramaya
2.19,4.91,9.04,Qarsa
2.96,4.92,10.78,Qarsa
1.47,3.46,10.14,Qarsa
1.27,4.06,11.2,Qarsa
4.17,7.89,7.8,Haramaya
7.59,3.7,2.99,Grawa
5.73,3.36,1.19,Grawa
4.75,4.04,1.01,Grawa
5.88,4.06,0.86,Grawa
5.82,4.2,1.43,Grawa
0.93,4.74,9.7,Qarsa
3.98,3.15,1.74,Grawa
5.49,2.36,1.25,Grawa
0.76,2.43,9.38,Qarsa
5.91,3.4,2.08,Grawa
3.3,8.3,8.95,Haramaya
0.89,3.83,9.75,Qarsa
3.71,4.68,10.18,Qarsa
4.58,3.42,1.16,Grawa
3.65,7.01,7.61,Haramaya
6.16,3.63,2.54,Grawa
3.12,8.58,8.77,Haramaya
6.25,6.87,7.13,Haramaya
2.03,3.93,9.68,Qarsa
2.0,5.24,8.66,Qarsa
6.46,4.4,1.44,Grawa
6.61,1.97,3.24,Grawa
2.6,5.71,5.98,Haramaya
4.77,4.26,1.96,Grawa
1.34,2.7,8.95,Qarsa
3.23,7.87,7.65,Haramaya
0.03,3.56,8.93,Qarsa
5.07,3.44,0.55,Grawa
2.12,4.96,9.68,Qarsa
3.6,6.23,8.99,Haramaya
1.14,3.48,10.94,Qarsa
2.35,4.08,10.21,Qarsa
6.45,1.45,1.89,Grawa
0.41,6.24,10.59,Qarsa
6.21,1.79,1.61,Grawa
2.97,5.26,8.39,Haramaya
5.67,2.88,2.34,Grawa
3.02,8.5,8.47,Haramaya
3.36,7.78,7.36,Haramaya
6.8,1.67,1.7,Grawa
2.57,4.11,9.97,Qarsa
4.77,3.44,0.55,Grawa
4.27,7.82,7.45,Haramaya
4.17,7.45,7.66,Haramaya
5.4,6.61,7.02,Haramaya
6.97,2.34,1.54,Grawa
6.51,3.01,1.47,Grawa
3.32,5.82,9.55,Qarsa
2.66,2.7,9.77,Qarsa
2.61,6.5,7.58,Haramaya
1.89,5.62,9.78,Qarsa
3.27,5.17,8.58,Qarsa
2.02,3.66,9.47,Qarsa
6.85,3.41,0.21,Grawa
1.15,4.16,10.82,Qarsa
4.86,7.83,9.06,Haramaya
5.23,4.44,0.4,Grawa
4.71,6.31,8.43,Haramaya
4.82,7.31,8.05,Haramaya
1.29,4.71,8.27,Qarsa
7.09,3.7,2.81,Grawa
5.32,7.42,7.45,Haramaya
4.71,8.11,7.4,Haramaya
6.36,3.06,2.14,Grawa
3.7,8.12,7.46,Haramaya
1.21,5.18,10.31,Qarsa
1.0,4.34,11.74,Qarsa
2.75,6.74,7.08,Haramaya
3.84,7.73,6.67,Haramaya
0.42,4.57,9.71,Qarsa
6.66,3.69,1.37,Grawa
3.83,8.16,8.15,Haramaya
0.93,5.15,9.39,Qarsa
3.24,7.7,6.23,Haramaya
3.57,7.67,8.58,Haramaya
4.59,4.86,1.98,Grawa
2.7,5.47,8.84,Qarsa
3.27,3.02,0.54,Grawa
2.1,6.87,10.08,Haramaya
2.12,5.24,13.1,Qarsa
6.24,3.93,2.65,Grawa
4.58,4.58,6.6,Haramaya
2.54,4.7,8.61,Qarsa
2.5,5.37,8.1,Haramaya
3.63,6.62,8.5,Haramaya
5.47,7.33,7.08,Haramaya
2.04,3.28,10.73,Qarsa
4.48,7.17,8.21,Haramaya
1.24,3.17,9.29,Qarsa
4.35,6.15,8.72,Haramaya
0.05,2.78,11.23,Qarsa
7.74,2.67,1.8,Grawa
5.21,9.03,7.08,Haramaya
3.71,3.35,0.7,Grawa
2.1,4.65,9.63,Qarsa
5.71,2.13,1.73,Grawa
2.59,6.75,7.28,Qarsa
4.43,3.51,9.09,Haramaya
2.38,5.55,10.23,Qarsa
2.25,6.99,8.26,Haramaya
3.5,5.77,6.73,Haramaya
4.45,5.51,8.63,Haramaya
6.97,4.7,3.1,Grawa
3.71,4.01,9.77,Qarsa
2.77,6.62,6.78,Haramaya
6.89,2.73,1.87,Grawa
1.87,4.0,8.96,Qarsa
3.35,6.54,9.45,Haramaya
0.97,5.0,10.04,Qarsa
1.27,4.78,8.92,Qarsa
4.22,6.2,6.56,Haramaya
2.85,4.58,10.36,Qarsa
5.46,3.79,1.99,Grawa
0.7,3.25,9.41,Qarsa
2.07,3.86,9.18,Qarsa
6.33,4.22,1.84,Grawa
3.0,8.92,10.5,Haramaya
2.54,6.2,8.41,Haramaya
4.29,7.46,9.27,Haramaya
0.65,3.03,10.05,Qarsa
4.64,6.66,6.91,Haramaya
3.56,8.09,9.3,Haramaya
7.35,1.71,1.94,Grawa
2.85,6.36,7.69,Haramaya
1.63,5.33,8.87,Qarsa
3.38,4.95,11.55,Qarsa
0.14,3.37,9.53,Qarsa
6.23,1.92,1.79,Grawa
6.56,4.09,2.5,Grawa
1.55,2.56,11.31,Qarsa
8.09,3.19,1.34,Grawa
4.22,7.77,8.37,Haramaya
5.43,1.76,0.77,Grawa
5.1,6.5,8.6,Haramaya
7.93,1.53,0.79,Grawa
3.68,4.88,7.83,Haramaya
5.09,2.95,0.53,Grawa
4.96,8.55,8.1,Haramaya
4.89,6.5,7.25,Haramaya
6.89,3.1,0.78,Grawa
1.98,3.91,11.29,Qarsa
7.25,2.33,1.47,Grawa
5.03,7.69,7.95,Haramaya
6.61,4.42,1.42,Grawa
3.89,5.87,7.26,Haramaya
2.41,6.77,6.99,Haramaya
1.34,5.09,10.43,Qarsa
5.21,3.42,0.18,Grawa
4.29,7.58,7.77,Haramaya
2.01,4.26,10.95,Qarsa
0.03,3.84,8.44,Qarsa
0.93,4.33,10.77,Qarsa
1.44,5.28,8.33,Qarsa
3.68,4.42,10.4,Haramaya
0.6,4.18,10.05,Qarsa
1.03,5.29,8.95,Qarsa
4.46,8.28,6.82,Haramaya
4.43,5.96,8.76,Haramaya
3.41,5.95,9.28,Qarsa
3.38,4.99,10.26,Qarsa
0.7,3.55,10.87,Qarsa
3.22,3.48,10.17,Qarsa
2.74,7.99,8.23,Haramaya
6.71,3.79,2.08,Grawa
4.14,8.11,8.56,Haramaya
6.78,2.78,1.96,Grawa
1.58,5.15,10.29,Qarsa
7.87,2.58,2.45,Grawa
2.78,4.58,9.43,Qarsa
5.07,8.9,7.32,Haramaya
2.99,4.42,10.53,Qarsa
6.44,3.17,2.23,Grawa
2.91,8.16,7.5,Haramaya
3.57,6.84,6.88,Haramaya
6.44,3.2,2.03,Grawa
6.69,1.71,0.66,Grawa
7.68,3.09,2.04,Grawa
2.8,4.42,8.67,Haramaya
4.01,7.55,8.93,Haramaya
1.8,7.02,8.52,Qarsa
3.29,6.8,8.45,Haramaya
6.84,3.01,1.85,Grawa
6.81,3.24,3.55,Grawa
6.48,2.42,3.0,Grawa
8.24,3.23,1.2,Grawa
5.85,1.26,2.28,Grawa
3.2,8.15,8.69,Haramaya
5.08,7.25,8.78,Haramaya
5.67,4.21,1.48,Grawa
1.8,5.1,9.85,Qarsa
5.73,2.96,3.08,Grawa
4.44,5.71,9.06,Haramaya
5.45,7.38,8.22,Haramaya
3.7,8.16,7.11,Haramaya
6.94,4.38,1.93,Grawa
3.1,8.16,7.79,Haramaya
3.61,4.34,8.18,Haramaya
1.43,4.39,9.31,Qarsa
3.62,5.04,8.77,Haramaya
4.3,7.52,6.58,Haramaya
7.12,3.71,2.77,Grawa
6.75,2.33,1.52,Grawa
3.88,7.57,8.44,Haramaya
0.03,2.46,10.17,Qarsa
6.27,2.66,1.41,Grawa
7.34,3.67,4.79,Grawa
4.08,6.5,8.37,Haramaya
2.99,5.75,7.89,Haramaya
0.55,3.81,6.93,Qarsa
2.57,4.56,9.98,Qarsa
3.54,6.76,8.46,Haramaya
0.28,2.69,10.83,Qarsa
2.75,2.93,8.68,Qarsa
5.97,5.2,2.17,Grawa
4.7,8.76,8.72,Haramaya
7.25,5.09,1.41,Grawa
3.5,9.0,8.63,Haramaya
5.51,5.27,2.58,Grawa
5.78,3.35,2.95,Grawa
6.68,1.55,1.94,Grawa
2.65,2.32,10.2,Qarsa
4.64,2.76,1.29,Grawa
2.27,3.26,10.19,Qarsa
1.77,6.45,9.55,Qarsa
2.9,7.47,7.52,Haramaya
2.0,3.11,8.79,Qarsa
6.23,2.72,1.31,Grawa
3.27,6.7,7.71,Haramaya
4.45,5.18,7.67,Haramaya
2.89,2.99,10.55,Qarsa
1.55,3.43,11.34,Qarsa
5.68,1.96,0.96,Grawa
3.01,6.47,8.09,Haramaya
2.93,2.96,10.9,Qarsa
6.58,3.23,0.51,Grawa
0.83,6.33,11.47,Qarsa
6.16,3.67,3.91,Grawa
6.66,2.93,3.08,Grawa
5.9,2.13,2.98,Grawa
3.45,5.3,6.32,Haramaya
4.11,8.22,9.04,Haramaya
3.2,5.67,10.52,Qarsa
5.39,2.29,1.54,Grawa
1.19,4.23,8.53,Qarsa
1.19,4.85,8.17,Qarsa
4.46,6.59,8.0,Haramaya
3.21,3.29,9.41,Qarsa
5.9,3.83,1.9,Grawa
3.35,7.09,7.27,Haramaya
0.87,5.55,10.69,Qarsa
5.03,3.26,0.12,Grawa
4.45,7.31,7.28,Haramaya
7.74,2.52,0.34,Grawa
3.72,5.08,7.06,Haramaya
3.03,6.87,7.72,Haramaya
8.77,4.22,0.95,Grawa
5.47,1.96,2.19,Grawa
6.97,2.8,2.59,Grawa
6.55,2.81,2.03,Grawa
3.87,6.55,8.02,Haramaya
2.03,5.64,8.86,Qarsa
2.91,6.64,7.0,Haramaya
7.38,1.46,0.13,Grawa
5.64,7.69,9.42,Haramaya
2.53,8.38,7.64,Haramaya
1.48,6.83,7.87,Haramaya
5.72,2.18,1.33,Grawa
5.56,5.51,7.45,Haramaya
5.2,4.12,0.91,Grawa
7.43,1.91,1.79,Grawa
1.58,3.63,9.91,Qarsa
5.26,2.84,0.91,Grawa
2.95,6.85,8.91,Haramaya
5.82,3.33,2.09,Grawa
6.96,3.7,1.33,Grawa
1.77,4.89,10.33,Qarsa
3.13,5.03,8.51,Haramaya
5.72,7.56,7.48,Haramaya
2.93,3.75,9.98,Qarsa
4.42,8.74,7.63,Haramaya
3.32,5.73,7.34,Haramaya
6.11,2.48,2.89,Grawa
1.97,3.22,10.6,Qarsa
3.72,8.5,6.72,Haramaya
5.9,2.47,2.73,Grawa
4.86,3.16,0.15,Grawa
6.03,3.28,2.87,Grawa
5.27,1.96,0.38,Grawa
4.92,6.72,8.35,Haramaya
2.68,5.18,8.19,Haramaya
5.13,6.13,8.47,Haramaya
6.14,1.99,2.61,Grawa
6.59,2.45,1.78,Grawa
7.06,0.49,1.61,Grawa
7.12,4.07,1.53,Grawa
1.87,3.66,10.27,Qarsa
1.74,6.94,8.72,Haramaya
2.25,5.83,10.31,Qarsa
6.77,2.37,2.03,Grawa
5.44,1.37,1.51,Grawa
2.83,4.25,9.98,Qarsa
5.55,7.45,8.77,Haramaya
4.71,7.41,9.11,Haramaya
3.54,4.17,1.7,Grawa
3.37,6.02,8.26,Haramaya
5.84,3.42,2.12,Grawa
2.17,3.55,11.01,Qarsa
5.07,8.9,9.14,Haramaya
7.11,2.4,1.4,Grawa
1.96,4.19,10.13,Qarsa
3.84,6.71,6.36,Haramaya
0.23,6.67,10.67,Qarsa
1.57,5.78,11.4,Qarsa
7.08,2.32,1.71,Grawa
2.85,3.0,8.65,Qarsa
1.82,2.02,10.8,Qarsa
6.15,1.79,2.24,Grawa
4.35,6.12,1.65,Grawa
5.63,3.5,3.36,Grawa
5.29,6.83,8.27,Haramaya
5.09,7.85,9.59,Haramaya
7.21,2.66,3.27,Grawa
5.37,1.53,1.5,Grawa
6.18,1.32,1.55,Grawa
7.03,5.0,1.96,Grawa
3.19,8.57,8.05,Haramaya
1.84,5.24,6.83,Haramaya
3.05,8.51,10.86,Haramaya
4.73,7.06,9.13,Haramaya
5.52,1.86,3.38,Grawa
0.98,4.09,9.59,Qarsa
1.33,4.23,8.9,Qarsa
5.26,3.38,0.83,Grawa
7.2,2.27,3.04,Grawa
1.97,4.3,10.29,Qarsa
6.05,4.15,3.56,Grawa
5.73,2.53,0.84,Grawa
3.34,3.53,9.33,Qarsa
2.3,4.15,9.88,Qarsa
4.13,3.13,2.46,Grawa
0.81,2.81,10.77,Qarsa
0.91,6.0,10.26,Qarsa
5.24,6.55,6.74,Haramaya
5.13,4.8,1.36,Grawa
1.9,5.06,8.43,Qarsa
2.42,4.64,11.57,Qarsa
2.86,4.44,9.31,Qarsa
5.08,7.38,7.39,Haramaya
2.79,6.89,8.39,Haramaya
3.77,5.41,7.42,Haramaya
2.66,3.67,11.04,Qarsa
1.56,5.2,10.69,Qarsa
4.67,5.72,8.54,Haramaya
5.73,7.13,8.29,Haramaya
1.03,2.59,8.45,Qarsa
4.59,8.91,6.26,Haramaya
4.47,7.87,7.19,Haramaya
0.75,3.59,7.01,Qarsa
3.24,6.53,8.46,Haramaya
2.36,4.48,10.45,Qarsa
2.48,8.31,8.77,Haramaya
2.61,4.49,9.25,Qarsa
6.53,3.61,2.97,Grawa
6.49,2.1,2.89,Grawa
2.33,7.38,9.21,Haramaya
1.08,3.86,10.27,Qarsa
3.4,6.46,8.25,Haramaya
1.31,4.34,10.74,Qarsa
3.52,9.07,8.99,Haramaya
3.91,6.7,7.1,Haramaya
4.52,6.6,9.38,Haramaya
5.66,2.94,2.15,Grawa
7.32,2.13,2.61,Grawa
5.83,3.87,2.06,Grawa
7.96,2.53,1.65,Grawa
4.11,8.81,6.96,Haramaya
5.43,3.77,2.58,Grawa
1.84,3.77,9.52,Qarsa
4.37,8.05,9.91,Haramaya
2.63,7.61,6.58,Haramaya
6.38,2.49,3.42,Grawa
5.26,6.15,7.7,Haramaya
4.37,6.46,7.75,Haramaya
5.29,6.54,6.96,Haramaya
2.57,7.2,7.9,Haramaya
2.88,7.05,8.96,Haramaya
0.47,3.7,8.89,Qarsa
1.45,5.48,10.27,Qarsa
0.5,4.73,8.66,Qarsa
5.53,2.29,1.51,Grawa
2.75,7.85,7.03,Haramaya
2.86,9.44,8.5,Haramaya
5.46,1.65,2.69,Grawa
7.01,4.49,4.91,Grawa
5.55,3.82,0.1,Grawa
5.22,2.95,2.4,Grawa
1.8,2.64,9.59,Qarsa
3.55,7.07,8.75,Haramaya
6.61,0.64,2.03,Grawa
3.23,8.24,7.06,Haramaya
6.75,3.24,2.9,Grawa
5.43,8.42,7.46,Haramaya
6.62,3.72,2.51,Grawa
5.11,3.49,0.55,Grawa
1.36,4.87,10.18,Qarsa
4.21,6.9,8.28,Haramaya
6.54,4.38,1.72,Grawa
2.51,5.37,10.22,Qarsa
6.79,5.05,1.92,Grawa
2.66,5.55,9.56,Qarsa
6.03,3.35,2.49,Grawa
2.27,3.26,9.38,Qarsa
4.92,6.51,8.78,Haramaya
3.72,8.5,8.75,Haramaya
6.93,2.63,2.55,Grawa
1.08,5.17,9.59,Qarsa
4.5,7.07,7.53,Haramaya
6.14,2.06,1.36,Grawa
1.98,3.04,11.08,Qarsa
2.43,4.97,8.28,Qarsa
0.78,5.14,11.35,Qarsa
0.13,4.02,8.89,Qarsa
6.91,1.11,1.84,Grawa
4.88,7.42,8.04,Haramaya
5.8,1.87,0.85,Grawa
5.32,2.46,1.97,Grawa
4.33,7.49,7.13,Haramaya
2.91,4.95,8.53,Haramaya
2.16,4.8,10.18,Qarsa
2.56,8.1,7.27,Haramaya
4.95,4.18,1.77,Grawa
6.74,0.17,0.18,Grawa
7.12,3.89,2.62,Grawa
2.23,4.4,9.54,Qarsa
4.84,7.13,9.61,Haramaya
7.83,3.61,3.08,Grawa
3.89,7.18,8.08,Haramaya
0.49,4.57,9.25,Qarsa
5.03,3.1,3.08,Grawa
3.69,7.63,7.68,Haramaya
5.83,7.3,7.37,Haramaya
2.02,3.98,10.27,Qarsa
1.49,5.83,8.92,Qarsa
5.53,8.98,8.11,Haramaya
3.8,6.54,6.78,Haramaya
3.46,6.26,8.54,Haramaya
0.03,3.21,12.72,Qarsa
2.99,8.5,7.74,Haramaya
2.59,6.74,10.93,Qarsa
0.92,4.64,11.81,Qarsa
7.02,4.25,2.2,Grawa
3.31,6.25,8.26,Haramaya
7.8,4.31,2.48,Grawa
3.2,6.87,7.05,Haramaya
6.92,3.82,2.89,Grawa
2.04,3.86,8.91,Qarsa
1.5,5.28,10.11,Qarsa
6.54,4.41,0.47,Grawa
1.82,4.7,9.89,Qarsa
3.56,8.14,8.79,Haramaya
5.66,1.18,2.37,Grawa
5.57,6.74,7.99,Haramaya
1.71,7.62,7.52,Haramaya
0.98,3.42,8.49,Qarsa
3.44,7.91,8.49,Haramaya
7.07,3.18,2.78,Grawa
5.02,4.79,2.37,Grawa
6.92,4.43,3.75,Grawa
2.23,5.75,8.46,Qarsa
0.23,4.09,9.34,Qarsa
6.19,4.12,1.84,Grawa
3.34,6.98,8.47,Haramaya
2.83,5.41,7.0,Haramaya
2.73,6.76,11.48,Qarsa
5.64,3.12,1.64,Grawa
5.27,3.61,2.88,Grawa
6.1,1.71,1.24,Grawa
5.51,2.99,1.11,Grawa
1.08,4.14,11.0,Qarsa
6.78,1.01,2.93,Grawa
1.29,5.46,9.35,Qarsa
4.98,5.82,9.26,Haramaya
4.01,6.77,10.07,Haramaya
6.72,1.7,2.52,Grawa
3.92,2.97,2.43,Grawa
7.75,2.18,2.32,Grawa
2.45,5.88,6.24,Haramaya
6.56,5.33,0.59,Grawa
2.88,7.84,8.05,Haramaya
5.46,8.24,7.7,Haramaya
5.34,3.07,1.94,Grawa
6.18,2.01,1.48,Grawa
0.31,4.25,10.24,Qarsa
5.37,2.32,2.55,Grawa
0.25,4.91,10.63,Qarsa
3.01,5.29,10.64,Qarsa
2.39,3.88,7.0,Haramaya
3.26,6.91,7.21,Haramaya
5.35,3.24,2.91,Grawa
4.54,8.38,8.13,Haramaya
2.76,3.78,8.45,Qarsa
1.66,7.37,8.56,Haramaya
2.85,8.46,7.85,Haramaya
6.47,4.64,2.15,Grawa
2.34,5.75,9.58,Qarsa
5.43,4.08,3.0,Grawa
7.65,3.08,2.65,Grawa
1.23,4.49,10.93,Qarsa
3.49,6.17,8.37,Haramaya
5.51,3.65,2.72,Grawa
1.87,3.03,8.62,Qarsa
2.47,4.21,10.07,Qarsa
5.01,4.43,0.34,Grawa
4.43,7.27,8.41,Haramaya
2.03,5.47,9.92,Qarsa
4.02,7.54,9.95,Haramaya
6.47,2.95,1.84,Grawa
2.41,4.71,9.13,Qarsa
0.34,4.18,8.23,Qarsa
4.66,7.24,7.3,Haramaya
4.3,5.83,9.63,Haramaya
3.33,7.15,8.37,Haramaya
4.1,7.73,8.81,Haramaya
0.97,3.45,8.77,Qarsa
6.81,3.32,2.0,Grawa
1.36,5.87,9.96,Qarsa
0.63,5.57,9.09,Qarsa
4.77,6.39,7.27,Haramaya
4.16,7.85,7.19,Haramaya
2.68,7.27,10.46,Haramaya
2.68,8.38,8.24,Haramaya
4.74,4.08,0.91,Grawa
4.01,7.77,8.76,Haramaya
0.24,5.17,9.56,Qarsa
2.11,1.39,9.33,Qarsa
7.28,3.6,1.31,Grawa
0.52,4.53,11.23,Qarsa
8.29,4.4,4.72,Grawa
1.42,4.85,10.03,Qarsa
6.53,3.57,2.17,Grawa
6.92,3.44,2.22,Grawa
3.91,7.93,6.62,Haramaya
1.52,5.81,6.87,Haramaya
4.25,7.24,7.98,Haramaya
2.62,6.95,9.31,Haramaya
6.77,3.21,2.8,Grawa
4.53,7.62,8.12,Haramaya
4.6,6.66,7.71,Haramaya
3.84,7.22,7.89,Haramaya
5.56,2.2,2.04,Grawa
5.91,2.28,1.54,Grawa
2.71,6.87,9.54,Haramaya
1.53,3.1,9.61,Qarsa
2.35,7.35,8.78,Haramaya
2.12,4.8,10.63,Qarsa
2.25,4.31,10.01,Qarsa
2.16,4.04,8.99,Qarsa
4.71,6.58,7.69,Haramaya
2.49,5.36,9.08,Qarsa
2.9,5.36,7.9,Qarsa
2.83,6.95,8.24,Haramaya
4.45,7.87,7.84,Haramaya
2.54,6.53,7.46,Haramaya
2.28,7.11,7.44,Haramaya
3.33,7.57,9.32,Haramaya
0.39,4.92,7.04,Qarsa
4.51,8.14,11.24,Haramaya
7.71,2.42,2.67,Grawa
5.74,7.48,7.1,Haramaya
1.73,3.07,10.92,Qarsa
5.19,6.69,9.07,Haramaya
2.52,5.59,8.58,Qarsa
5.99,2.41,1.88,Grawa
6.33,2.41,1.24,Grawa
7.58,2.8,1.32,Grawa
5.5,2.14,2.57,Grawa
3.73,6.79,8.14,Haramaya
1.06,4.11,8.71,Qarsa
5.92,2.83,0.42,Grawa
6.88,2.07,2.16,Grawa
1.85,4.45,10.84,Qarsa
8.13,2.36,1.95,Grawa
2.88,6.1,7.86,Haramaya
5.68,2.2,1.49,Grawa
5.66,3.74,3.84,Grawa
0.67,4.28,12.46,Qarsa
1.2,3.28,8.2,Qarsa
3.11,5.46,8.44,Haramaya
1.6,5.98,11.29,Qarsa
1.99,3.4,9.25,Qarsa
6.96,1.7,1.61,Grawa
2.53,7.66,10.25,Haramaya
1.23,4.56,9.4,Qarsa
4.01,6.59,7.44,Haramaya
1.26,4.18,10.54,Qarsa
6.68,4.53,3.46,Grawa
5.93,2.23,2.61,Grawa
5.93,3.47,1.71,Grawa
1.24,6.82,8.91,Qarsa
3.05,5.08,10.32,Qarsa
0.69,3.67,8.68,Qarsa
1.58,4.0,7.97,Qarsa
4.56,6.22,6.68,Haramaya
4.92,7.0,8.46,Haramaya
3.87,7.61,7.19,Haramaya
2.04,4.34,9.97,Qarsa
3.07,7.45,9.0,Haramaya
2.85,4.68,10.01,Qarsa
0.65,4.37,10.6,Qarsa
0.91,5.22,11.44,Qarsa
1.86,3.46,10.17,Qarsa
3.91,7.32,6.38,Haramaya
1.71,2.21,8.86,Qarsa
0.58,6.74,11.3,Qarsa
7.25,2.53,1.5,Grawa
0.95,4.38,10.5,Qarsa
3.76,4.01,9.75,Qarsa
0.18,2.33,10.45,Qarsa
1.29,5.61,10.09,Qarsa
3.39,7.11,9.05,Haramaya
5.23,5.82,8.14,Haramaya
2.23,5.14,9.62,Qarsa
4.14,7.85,8.16,Haramaya
4.94,3.62,1.28,Grawa
6.1,2.52,1.71,Grawa
6.6,4.04,1.08,Grawa
3.86,7.37,7.4,Haramaya
2.83,3.51,11.08,Qarsa
5.97,2.53,1.15,Grawa
1.88,4.79,9.98,Qarsa
3.37,6.89,8.13,Haramaya
4.03,7.12,7.88,Haramaya
5.77,3.22,2.18,Grawa
1.67,4.38,9.02,Qarsa
2.11,7.66,8.31,Haramaya
2.65,4.64,8.49,Qarsa
0.54,4.52,11.74,Qarsa
1.21,5.21,9.15,Qarsa
4.63,3.34,2.4,Grawa
6.93,2.05,1.58,Grawa
1.68,4.45,9.61,Qarsa
4.02,7.57,7.63,Haramaya
3.09,5.75,8.99,Haramaya
3.88,5.4,6.63,Haramaya
3.31,6.7,7.27,Haramaya
3.2,6.61,7.1,Haramaya
6.09,4.07,0.94,Grawa
1.51,4.41,9.63,Qarsa
3.03,3.3,11.33,Qarsa
5.99,3.72,1.41,Grawa
6.65,2.47,2.77,Grawa
3.09,6.46,10.69,Qarsa
5.0,3.05,2.18,Grawa
6.3,3.55,0.6,Grawa
4.11,8.14,5.81,Haramaya
7.49,5.13,2.08,Grawa
8.37,2.91,1.77,Grawa
4.35,5.66,9.69,Qarsa
1.97,5.08,10.58,Qarsa
1.48,3.46,10.87,Qarsa
7.14,2.33,1.76,Grawa
2.28,7.67,9.18,Haramaya
2.31,3.56,9.11,Qarsa
5.65,2.93,4.04,Grawa
4.74,6.07,10.08,Haramaya
0.59,5.63,8.51,Qarsa
1.95,3.59,9.4,Qarsa
3.76,6.69,8.73,Haramaya
3.85,8.77,7.53,Haramaya
6.85,3.62,2.48,Grawa
8.45,4.48,4.03,Grawa
4.0,4.92,9.29,Haramaya
2.57,3.21,11.48,Qarsa
3.44,5.95,9.5,Qarsa
2.07,6.23,6.61,Haramaya
3.66,8.47,7.8,Haramaya
6.18,3.47,3.2,Grawa
1.6,4.17,10.24,Qarsa
1.65,5.75,9.3,Qarsa
5.98,3.29,3.19,Grawa
1.86,5.78,11.04,Qarsa
3.79,5.44,9.48,Haramaya
4.52,9.33,9.34,Haramaya
6.01,1.81,2.19,Grawa
7.69,3.69,1.49,Grawa
1.98,7.16,9.0,Haramaya
6.54,5.53,0.57,Grawa
3.25,3.67,10.38,Qarsa
5.53,7.33,9.55,Haramaya
6.28,3.12,0.61,Grawa
4.85,7.64,7.47,Haramaya
2.88,7.71,9.16,Haramaya
6.48,5.1,2.65,Grawa
8.09,5.44,2.5,Grawa
2.57,8.28,5.52,Haramaya
3.81,7.98,6.76,Haramaya
2.21,4.79,9.94,Qarsa
3.99,6.0,9.05,Haramaya
5.38,2.49,0.68,Grawa
3.54,9.59,7.45,Haramaya
2.32,4.4,11.16,Qarsa
6.98,3.34,1.87,Grawa
4.26,2.83,0.61,Grawa
3.27,7.58,8.17,Haramaya
5.82,4.41,0.47,Grawa
5.48,3.42,0.92,Grawa
5.42,1.23,1.07,Grawa
3.76,8.34,7.84,Haramaya
3.72,2.57,0.38,Grawa
7.31,3.66,2.0,Grawa
0.06,4.24,12.94,Qarsa
3.77,3.39,1.38,Grawa
2.82,6.67,7.13,Haramaya
1.71,2.69,9.25,Qarsa
0.64,5.12,8.27,Qarsa
4.2,5.81,8.44,Haramaya
2.19,2.81,10.96,Qarsa
5.97,2.93,3.15,Grawa
6.04,3.24,1.65,Grawa
3.32,4.7,9.73,Qarsa
5.47,3.09,1.66,Grawa
8.25,3.27,1.1,Grawa
8.16,3.18,1.57,Grawa
5.55,2.38,3.54,Grawa
4.92,4.38,2.6,Grawa
1.64,4.13,11.3,Qarsa
4.77,6.85,10.05,Haramaya
0.31,4.52,9.82,Qarsa
3.08,4.9,11.54,Qarsa
0.82,3.69,11.86,Qarsa
3.14,7.56,8.44,Haramaya
2.89,7.57,9.51,Haramaya
1.03,4.1,9.68,Qarsa
6.14,2.74,1.51,Grawa
3.24,6.1,8.34,Haramaya
5.45,1.92,2.72,Grawa
5.68,3.49,2.1,Grawa
4.39,2.87,1.54,Grawa
1.91,3.89,9.73,Qarsa
4.44,7.15,7.01,Haramaya
0.84,5.32,9.71,Qarsa
4.26,2.03,1.43,Grawa
7.84,0.93,1.49,Grawa
4.04,5.84,7.6,Haramaya
4.26,7.25,7.25,Haramaya
5.6,8.19,8.04,Haramaya
4.57,7.07,7.53,Haramaya
0.44,2.98,9.14,Qarsa
6.31,3.0,1.16,Grawa
5.53,2.73,1.71,Grawa
1.66,5.42,9.11,Qarsa
3.51,6.68,8.69,Haramaya
2.48,4.75,11.53,Qarsa
3.29,8.57,7.48,Haramaya
3.06,3.82,9.57,Qarsa
3.87,7.76,7.62,Haramaya
5.47,7.06,7.98,Haramaya
4.2,6.13,7.62,Haramaya
1.19,3.61,8.74,Qarsa
6.42,5.57,3.37,Grawa
0.48,5.44,9.5,Qarsa
1.67,4.16,9.58,Qarsa
2.42,3.01,12.07,Qarsa
7.43,2.36,0.67,Grawa
7.79,4.24,0.85,Grawa
6.43,1.26,2.48,Grawa
0.01,4.26,11.1,Qarsa
0.81,3.59,10.77,Qarsa
0.17,7.0,10.36,Qarsa
2.54,4.68,10.07,Qarsa
4.84,3.83,1.96,Grawa
7.0,3.9,3.84,Grawa
2.58,5.22,10.04,Qarsa
5.5,3.05,1.32,Grawa
1.14,5.89,8.67,Qarsa
5.89,1.35,1.31,Grawa
0.37,5.45,9.32,Qarsa
4.94,6.01,9.34,Haramaya
2.85,4.5,10.98,Qarsa
0.8,3.73,10.66,Qarsa
3.83,8.78,6.04,Haramaya
0.64,5.83,10.21,Qarsa
3.37,6.72,7.49,Haramaya
2.85,8.19,8.65,Haramaya
7.9,4.05,2.33,Grawa
2.17,6.29,9.76,Qarsa
2.61,4.73,9.83,Qarsa
6.88,4.35,2.26,Grawa
1.43,4.52,9.25,Qarsa
5.93,3.52,1.36,Grawa
2.13,6.45,8.15,Haramaya
4.47,7.78,8.6,Haramaya
2.46,3.89,10.67,Qarsa
4.84,6.44,8.43,Haramaya
1.39,4.96,10.26,Qarsa
2.08,8.05,7.08,Haramaya
1.63,3.28,11.41,Qarsa
1.57,4.07,8.7,Qarsa
4.32,7.41,8.9,Haramaya
2.58,4.45,10.86,Qarsa
3.89,6.46,7.13,Haramaya
6.25,3.79,2.82,Grawa
0.9,5.36,10.43,Qarsa
5.24,3.42,2.47,Grawa
3.08,6.31,9.45,Haramaya
2.05,4.33,9.75,Qarsa
0.76,2.96,10.84,Qarsa
2.95,5.3,7.63,Qarsa
1.17,6.08,11.71,Qarsa
4.25,7.08,6.68,Haramaya
3.12,6.62,8.13,Haramaya
0.68,4.05,10.71,Qarsa
4.45,7.81,8.01,Haramaya
6.78,5.96,1.79,Grawa
2.86,6.46,7.13,Haramaya
1.16,5.1,11.47,Qarsa
2.98,3.95,9.05,Qarsa
6.34,2.53,2.85,Grawa
2.49,4.45,10.77,Qarsa
1.93,5.37,9.92,Qarsa
1.11,6.33,8.84,Qarsa
5.62,2.91,2.27,Grawa
4.61,7.66,9.47,Haramaya
2.95,6.92,7.54,Haramaya
2.49,5.15,10.06,Qarsa
5.68,3.17,3.43,Grawa
4.4,7.44,8.03,Haramaya
3.85,6.29,8.12,Haramaya
3.01,3.33,10.74,Qarsa
1.98,2.59,9.31,Qarsa
1.83,2.58,7.39,Qarsa
2.0,6.43,7.14,Haramaya
7.35,1.53,2.41,Grawa
5.11,4.27,2.68,Grawa
5.63,3.87,2.35,Grawa
8.52,1.73,2.21,Grawa
2.76,3.86,10.97,Qarsa
0.31,4.54,10.92,Qarsa
4.33,3.29,2.2,Grawa
7.25,3.51,2.25,Grawa
6.58,0.08,1.66,Grawa
2.62,3.92,9.06,Qarsa
3.96,6.67,9.47,Haramaya
0.31,5.26,9.9,Qarsa
7.28,2.76,3.36,Grawa
4.36,6.64,7.38,Haramaya
7.18,1.01,3.3,Grawa
1.19,3.37,10.7,Qarsa
4.01,7.93,8.01,Haramaya
6.54,2.09,2.68,Grawa
3.97,6.76,8.1,Haramaya
3.46,7.89,9.13,Haramaya
4.08,5.78,8.31,Haramaya
3.28,7.88,9.02,Haramaya
3.61,8.65,8.91,Haramaya
7.26,2.79,1.31,Grawa
1.3,5.37,9.93,Qarsa
5.45,5.72,8.06,Haramaya
1.32,4.1,11.33,Qarsa
1.91,4.03,10.62,Qarsa
6.08,3.92,1.23,Grawa
6.1,7.55,7.83,Haramaya
5.98,2.87,2.99,Grawa
5.73,2.81,2.36,Grawa
6.84,3.53,1.83,Grawa
2.6,3.83,8.06,Qarsa
2.83,4.79,9.29,Qarsa
1.04,3.1,10.17,Qarsa
6.18,3.17,1.33,Grawa
0.22,4.59,11.41,Qarsa
5.59,4.1,1.11,Grawa
3.48,8.74,8.65,Haramaya
2.24,7.48,7.56,Haramaya
3.22,7.01,7.33,Haramaya
3.95,9.4,8.52,Haramaya
1.31,4.94,10.77,Qarsa
3.74,7.04,9.2,Haramaya
3.82,8.27,8.69,Haramaya
5.78,2.49,1.88,Grawa
6.88,2.57,2.71,Grawa
4.07,8.47,7.27,Haramaya
0.62,2.88,10.02,Qarsa
3.18,4.66,10.73,Qarsa
2.94,7.7,8.11,Haramaya
4.07,7.99,9.58,Haramaya
7.38,1.43,2.29,Grawa
2.78,5.02,9.36,Qarsa
4.77,6.57,7.24,Haramaya
3.91,5.36,1.26,Grawa
6.01,1.94,1.21,Grawa
5.87,3.72,3.41,Grawa
4.11,7.36,7.97,Haramaya
2.2,6.63,9.05,Qarsa
0.79,4.48,10.61,Qarsa
0.39,3.32,8.29,Qarsa
3.98,7.84,6.62,Haramaya
0.95,6.55,9.6,Qarsa
7.8,4.95,2.63,Grawa
6.33,1.89,2.5,Grawa
6.62,4.12,2.63,Grawa
3.06,4.23,10.91,Qarsa
0.41,4.49,8.58,Qarsa
5.01,0.85,3.29,Grawa
4.63,3.72,1.84,Grawa
0.86,5.39,8.01,Qarsa
8.28,2.19,2.3,Grawa
1.07,4.16,8.91,Qarsa
2.69,4.07,9.88,Qarsa
2.74,7.5,6.19,Haramaya
1.62,6.8,8.31,Qarsa
7.15,1.52,1.45,Grawa
3.75,5.22,9.49,Haramaya
2.67,6.64,9.83,Haramaya
0.64,5.11,10.36,Qarsa
7.5,3.7,1.61,Grawa
6.34,2.53,3.0,Grawa
3.09,6.04,10.51,Qarsa
2.71,2.7,9.54,Qarsa
5.01,4.75,1.51,Grawa
3.99,7.44,7.52,Haramaya
5.32,3.39,1.73,Grawa
4.01,7.15,9.57,Haramaya
2.16,7.18,6.47,Haramaya
4.63,4.39,10.59,Qarsa
3.06,3.85,9.79,Qarsa
3.47,7.99,7.81,Haramaya
2.86,5.02,10.98,Qarsa
6.64,3.73,3.01,Grawa
5.26,2.26,2.21,Grawa
6.5,2.89,2.54,Grawa
7.06,4.85,1.93,Grawa
0.65,3.73,10.1,Qarsa
3.31,3.76,10.47,Qarsa
3.86,7.9,8.24,Haramaya
6.52,5.07,1.85,Grawa
3.18,7.53,8.01,Haramaya
1.1,5.58,10.83,Qarsa
4.86,2.92,1.65,Grawa
0.83,4.78,8.06,Qarsa
5.57,4.15,3.31,Grawa
1.83,3.91,9.62,Qarsa
7.05,4.12,0.97,Grawa
1.12,2.75,9.02,Qarsa
3.03,7.41,7.69,Haramaya
2.83,5.17,10.43,Qarsa
6.24,3.4,1.71,Grawa
6.59,3.02,1.07,Grawa
3.25,5.34,8.78,Haramaya
6.42,3.17,3.03,Grawa
3.83,2.99,1.51,Grawa
4.31,6.22,8.27,Haramaya
4.54,6.85,7.75,Haramaya
4.59,2.62,0.63,Grawa
0.98,4.43,9.14,Qarsa
6.62,2.29,1.37,Grawa
4.9,7.13,8.31,Haramaya
7.97,3.83,1.72,Grawa
4.6,3.91,0.59,Grawa
0.87,6.59,10.92,Qarsa
7.74,2.87,0.96,Grawa
5.48,1.62,0.9,Grawa
4.6,6.94,8.77,Haramaya
5.14,6.93,8.87,Haramaya
3.56,6.54,9.74,Haramaya
5.9,2.03,1.69,Grawa
7.21,2.34,1.49,Grawa
4.76,6.71,7.9,Haramaya
1.06,3.61,10.03,Qarsa
3.53,4.41,7.94,Qarsa
0.39,3.84,10.19,Qarsa
3.16,3.06,11.12,Qarsa
2.01,4.37,9.19,Qarsa
3.78,6.86,7.74,Haramaya
1.56,5.2,8.88,Qarsa
3.94,6.73,8.81,Haramaya
2.85,8.27,8.09,Haramaya
0.47,4.07,9.85,Qarsa
0.79,4.56,10.69,Qarsa
2.75,4.48,10.74,Qarsa
7.18,3.56,3.37,Grawa
1.51,4.76,9.6,Qarsa
0.59,3.79,11.19,Qarsa
5.94,2.79,3.93,Grawa
6.77,4.41,2.59,Grawa
2.64,6.82,7.26,Haramaya
3.2,5.33,7.8,Qarsa
1.02,3.28,11.32,Qarsa
4.68,5.57,8.66,Haramaya
3.07,3.72,11.65,Qarsa
2.82,7.98,9.51,Haramaya
1.32,4.93,10.58,Qarsa
1.73,4.43,10.34,Qarsa
5.34,6.37,8.38,Haramaya
1.66,4.08,9.38,Qarsa
2.05,7.63,8.54,Haramaya
5.7,1.89,0.88,Grawa
4.09,7.16,8.36,Haramaya
6.55,4.69,0.94,Grawa
5.66,3.18,1.88,Grawa
1.63,4.6,9.09,Qarsa
4.13,6.62,8.51,Haramaya
1.58,4.49,11.89,Qarsa
0.49,1.95,9.39,Qarsa
2.39,2.6,11.71,Qarsa
5.69,1.44,0.13,Grawa
1.32,3.15,10.12,Qarsa
6.38,3.75,4.07,Grawa
3.91,8.2,8.71,Haramaya
5.11,7.15,8.34,Haramaya
4.35,6.87,8.43,Haramaya
1.63,4.24,9.82,Qarsa
3.13,7.19,6.34,Haramaya
0.63,3.79,9.97,Qarsa
4.22,5.74,9.78,Haramaya
5.14,2.9,2.95,Grawa
0.69,6.15,9.43,Qarsa
1.82,3.89,8.54,Qarsa
6.71,2.99,0.66,Grawa
5.7,1.75,2.79,Grawa
5.71,2.16,2.41,Grawa
0.89,3.6,9.21,Qarsa
0.9,1.55,12.32,Qarsa
2.83,8.3,7.26,Haramaya
6.34,3.06,2.37,Grawa
0.21,4.36,9.64,Qarsa
5.17,9.05,6.55,Haramaya
6.29,2.95,0.34,Grawa
6.03,3.88,1.67,Grawa
8.96,2.35,2.9,Grawa
5.08,7.02,7.3,Haramaya
6.14,2.13,3.53,Grawa
1.7,2.98,10.44,Qarsa
2.7,5.74,8.07,Haramaya
3.32,2.88,10.58,Qarsa
1.72,4.62,11.47,Qarsa
6.25,4.33,2.69,Grawa
2.79,6.55,8.22,Haramaya
1.29,4.65,10.01,Qarsa
2.75,5.04,9.96,Qarsa
1.56,4.86,10.02,Qarsa
3.41,6.38,5.99,Haramaya
7.18,2.8,2.64,Grawa
2.95,3.88,9.82,Qarsa
1.71,6.41,10.69,Qarsa
3.71,7.43,7.94,Haramaya
5.25,2.91,2.14,Grawa
4.68,9.27,9.26,Haramaya
7.01,2.49,2.59,Grawa
1.51,4.55,9.53,Qarsa
6.7,3.55,1.97,Grawa
0.85,2.6,10.59,Qarsa
5.58,3.3,1.61,Grawa
3.98,6.2,7.6,Haramaya
7.43,3.5,2.2,Grawa
3.85,6.99,7.14,Haramaya
5.73,2.56,3.55,Grawa
1.89,3.36,9.33,Qarsa
4.48,9.27,7.28,Haramaya
3.94,7.81,6.24,Haramaya
5.0,8.21,7.05,Haramaya
5.92,2.31,1.68,Grawa
5.09,8.16,7.22,Haramaya
0.65,2.9,9.59,Qarsa
2.27,5.44,10.89,Qarsa
0.55,4.48,10.07,Qarsa
4.03,6.37,7.79,Haramaya
6.86,3.57,2.38,Grawa
3.88,6.47,8.76,Haramaya
3.22,6.71,9.11,Haramaya
0.74,4.19,9.2,Qarsa
5.04,2.9,1.2,Grawa
8.55,2.58,0.65,Grawa
3.83,8.06,5.91,Haramaya
1.09,6.57,10.52,Qarsa
4.3,6.59,9.08,Haramaya
1.44,5.67,11.79,Qarsa
4.4,4.36,7.86,Qarsa
4.75,1.78,4.03,Grawa
6.86,2.19,1.97,Grawa
0.67,5.43,9.75,Qarsa
4.33,7.64,5.26,Haramaya
7.46,3.85,0.2,Grawa
5.08,3.53,3.0,Grawa
3.56,9.89,9.59,Haramaya
4.97,5.97,7.96,Haramaya
6.78,3.09,2.15,Grawa
8.07,2.15,4.28,Grawa
4.72,6.47,8.85,Haramaya
5.04,6.41,8.48,Haramaya
3.1,7.93,9.28,Haramaya
1.44,3.64,8.68,Qarsa
2.99,3.6,9.92,Qarsa
5.42,3.97,0.81,Grawa
1.53,3.73,9.21,Qarsa
3.56,8.46,7.82,Haramaya
0.72,4.14,8.72,Qarsa
4.25,5.33,5.96,Haramaya
5.82,8.03,8.23,Haramaya
4.1,6.75,8.57,Haramaya
4.08,6.89,7.88,Haramaya
6.86,4.22,2.15,Grawa
3.92,6.83,9.58,Haramaya
7.66,2.7,1.72,Grawa
1.76,4.19,10.31,Qarsa
1.18,6.64,9.25,Qarsa
1.62,3.45,10.48,Qarsa
3.66,8.39,7.82,Haramaya
2.6,5.01,8.54,Qarsa
6.23,4.75,1.8,Grawa
0.72,5.02,11.56,Qarsa
7.31,2.65,2.02,Grawa
0.15,4.93,9.58,Qarsa
4.97,6.46,6.64,Haramaya
4.1,6.99,9.29,Haramaya
5.03,3.17,2.13,Grawa
4.8,7.4,9.76,Haramaya
4.3,6.37,7.51,Haramaya
8.29,2.98,1.77,Grawa
3.33,2.59,0.38,Grawa
6.96,4.0,3.01,Grawa
6.94,3.19,1.8,Grawa
3.09,3.05,10.05,Qarsa
5.7,2.99,3.91,Grawa
4.56,6.95,8.73,Haramaya
3.9,8.87,7.72,Haramaya
3.54,6.12,7.86,Haramaya
8.06,2.48,1.35,Grawa
7.66,3.54,2.55,Grawa
5.61,5.33,8.52,Haramaya
3.78,6.11,7.98,Haramaya
2.92,8.36,8.74,Haramaya
3.9,2.41,2.26,Grawa
7.73,3.04,2.84,Grawa
5.09,5.74,7.66,Haramaya
2.6,5.51,9.1,Haramaya
1.23,8.11,7.53,Haramaya
2.46,4.94,9.44,Qarsa
6.25,0.74,2.41,Grawa
1.9,5.98,8.61,Qarsa
1.88,4.51,9.38,Qarsa
5.34,2.84,2.85,Grawa
4.18,7.21,8.74,Haramaya
7.07,2.14,3.33,Grawa
0.78,3.44,10.26,Qarsa
4.75,6.23,8.06,Haramaya
5.6,3.38,1.68,Grawa
5.44,3.0,3.95,Grawa
2.93,3.81,10.12,Qarsa
2.5,2.75,10.72,Qarsa
1.31,3.59,11.4,Qarsa
2.66,3.92,10.14,Qarsa
4.22,6.09,8.24,Haramaya
3.58,6.79,8.75,Haramaya
4.59,6.48,8.18,Haramaya
6.6,4.81,1.71,Grawa
3.38,6.36,9.94,Qarsa
2.31,5.79,8.28,Qarsa
1.94,2.85,9.8,Qarsa
2.05,6.93,6.97,Haramaya
2.73,5.32,10.6,Qarsa
1.85,4.83,9.85,Qarsa
1.58,5.0,10.13,Qarsa
1.76,6.17,9.15,Qarsa
2.59,7.68,8.63,Haramaya
2.86,6.38,7.77,Haramaya
5.97,5.67,10.21,Haramaya
5.31,3.26,3.67,Grawa
2.0,4.99,10.9,Qarsa
3.49,7.2,7.57,Haramaya
2.3,4.69,10.38,Qarsa
0.49,5.09,9.29,Qarsa
6.29,2.83,0.65,Grawa
4.03,7.09,8.77,Haramaya
2.66,5.61,9.86,Qarsa
3.27,9.36,7.76,Haramaya
6.1,4.17,3.17,Grawa
7.6,3.04,0.85,Grawa
6.41,3.04,2.09,Grawa
1.13,3.55,9.71,Qarsa
5.3,3.44,4.17,Grawa
2.73,4.81,7.84,Qarsa
5.71,3.07,2.25,Grawa
3.09,6.86,8.19,Haramaya
3.04,4.43,8.61,Qarsa
5.19,7.24,9.17,Haramaya
7.39,3.6,3.78,Grawa
6.66,3.36,1.84,Grawa
5.7,3.47,1.54,Grawa
5.71,2.04,1.65,Grawa
7.36,4.24,2.62,Grawa
4.66,8.03,9.13,Haramaya
5.1,9.23,9.37,Haramaya
4.31,7.78,9.28,Haramaya
3.85,5.87,7.71,Haramaya
2.31,3.64,9.12,Qarsa
1.17,4.49,11.27,Qarsa
4.98,6.54,9.98,Haramaya
4.44,7.67,8.33,Haramaya
1.63,4.23,10.83,Qarsa
1.81,4.7,9.61,Qarsa
1.56,4.74,8.23,Qarsa
7.69,2.23,0.91,Grawa
6.27,8.23,7.05,Haramaya
0.69,4.36,10.14,Qarsa
4.96,3.15,1.64,Grawa
3.03,6.36,7.35,Haramaya
1.85,4.0,9.55,Qarsa
6.69,3.88,1.69,Grawa
6.71,2.94,0.63,Grawa
1.73,5.92,11.57,Qarsa
4.95,3.14,1.82,Grawa
7.13,2.17,1.36,Grawa
1.94,4.78,9.92,Qarsa
6.26,0.41,2.17,Grawa
2.6,4.34,10.07,Qarsa
3.76,6.71,6.5,Haramaya
1.62,4.11,9.0,Qarsa
6.47,6.42,9.61,Haramaya
4.43,4.39,6.8,Haramaya
6.31,2.1,0.1,Grawa
2.82,6.92,7.7,Haramaya
1.1,3.72,9.4,Qarsa
2.96,7.92,7.84,Haramaya
3.12,8.1,7.35,Haramaya
1.56,2.44,9.1,Qarsa
2.03,5.25,11.04,Qarsa
1.45,4.55,10.65,Qarsa
5.43,2.58,2.34,Grawa
6.45,2.58,1.88,Grawa
1.72,3.38,9.39,Qarsa
7.09,2.15,1.29,Grawa
1.83,5.11,11.15,Qarsa
4.32,7.06,8.7,Haramaya
3.72,6.54,7.18,Haramaya
7.16,2.82,2.46,Grawa
5.16,6.68,7.52,Haramaya
4.0,5.89,8.38,Haramaya
2.7,7.35,8.05,Haramaya
6.24,3.56,2.98,Grawa
3.63,8.73,8.29,Haramaya
1.07,5.13,7.9,Qarsa
5.18,3.34,2.68,Grawa
1.22,5.09,8.13,Qarsa
5.75,2.82,0.22,Grawa
3.49,7.45,6.88,Haramaya
4.15,7.32,8.61,Haramaya
7.12,3.73,2.5,Grawa
3.08,5.08,10.77,Qarsa
6.01,3.59,2.24,Grawa
4.76,3.38,3.47,Grawa
0.03,4.41,8.68,Qarsa
0.56,2.91,9.2,Qarsa
5.89,2.67,2.08,Grawa
3.3,7.61,8.11,Haramaya
3.09,4.68,10.35,Qarsa
4.28,6.47,8.81,Haramaya
6.98,3.0,1.99,Grawa
5.98,2.37,1.46,Grawa
3.84,4.82,9.61,Qarsa
2.76,3.36,8.57,Qarsa
1.62,3.29,10.93,Qarsa
5.74,0.48,2.83,Grawa
5.68,2.51,1.03,Grawa
6.17,5.44,2.94,Grawa
5.71,4.94,2.33,Grawa
0.85,4.62,9.58,Qarsa
2.39,3.47,9.59,Qarsa
5.88,3.95,2.52,Grawa
3.71,7.78,8.87,Haramaya
2.32,3.97,9.29,Qarsa
5.26,6.76,10.01,Haramaya
4.3,1.77,1.14,Grawa
5.05,7.21,9.17,Haramaya
3.17,4.03,9.83,Qarsa
3.75,7.76,10.17,Haramaya
0.84,3.34,10.75,Qarsa
4.04,4.43,7.72,Haramaya
1.99,3.5,9.44,Qarsa
7.15,1.9,2.12,Grawa
7.2,2.91,3.49,Grawa
3.35,6.51,7.68,Haramaya
2.66,5.63,9.09,Haramaya
1.46,5.26,10.08,Qarsa
4.01,9.19,8.17,Haramaya
0.68,4.52,10.85,Qarsa
7.4,1.28,2.44,Grawa
1.56,3.1,9.43,Qarsa
5.36,6.61,5.45,Haramaya
5.25,5.88,7.88,Haramaya
6.26,1.61,1.89,Grawa
6.31,2.44,1.99,Grawa
0.46,5.97,10.57,Qarsa
0.99,3.61,10.4,Qarsa
4.14,7.69,6.3,Haramaya
4.93,6.86,7.2,Haramaya
2.21,6.39,7.89,Qarsa
2.48,4.58,10.12,Qarsa
6.08,2.36,2.08,Grawa
1.82,3.68,10.17,Qarsa
1.73,4.06,10.24,Qarsa
2.16,3.97,12.03,Qarsa
6.54,4.13,0.4,Grawa
0.24,5.29,10.65,Qarsa
5.84,3.85,1.36,Grawa
4.63,1.92,1.7,Grawa
3.74,8.21,8.33,Haramaya
4.4,5.57,6.47,Haramaya
5.26,1.8,0.69,Grawa
3.48,8.1,8.84,Haramaya
4.39,5.81,7.41,Haramaya
6.7,3.12,1.76,Grawa
2.33,4.86,11.46,Qarsa
4.42,5.66,8.42,Haramaya
6.67,1.95,1.36,Grawa
6.78,6.37,10.14,Haramaya
1.16,3.75,9.94,Qarsa
5.18,7.43,7.63,Haramaya
4.3,7.13,9.09,Haramaya
3.94,9.85,7.77,Haramaya
1.93,4.21,10.78,Qarsa
3.28,8.02,9.21,Haramaya
1.41,2.49,10.56,Qarsa
4.64,6.46,9.08,Haramaya
6.37,1.12,1.27,Grawa
8.1,4.17,2.56,Grawa
0.41,3.94,8.66,Qarsa
7.93,2.8,1.85,Grawa
1.51,4.85,9.56,Qarsa
0.25,5.77,9.41,Qarsa
6.29,2.99,2.42,Grawa
3.64,6.6,7.29,Haramaya
5.63,6.99,7.28,Haramaya
5.09,6.76,8.07,Haramaya
2.05,3.84,9.95,Qarsa
2.17,1.95,9.06,Qarsa
7.21,2.53,1.53,Grawa
0.21,4.75,9.78,Qarsa
7.24,3.27,0.79,Grawa
5.36,2.85,3.82,Grawa
0.62,4.08,9.22,Qarsa
2.77,7.45,9.1,Haramaya
3.1,4.94,9.41,Qarsa
3.79,7.66,8.32,Haramaya
6.51,3.15,2.8,Grawa
1.37,2.62,12.42,Qarsa
5.47,3.59,3.23,Grawa
5.91,2.76,2.42,Grawa
1.1,5.54,9.6,Qarsa
6.14,3.53,1.09,Grawa
5.17,8.25,8.7,Haramaya
5.42,2.09,3.81,Grawa
5.15,7.58,6.66,Haramaya
6.99,3.16,2.57,Grawa
1.43,4.68,9.31,Qarsa
5.12,5.69,7.85,Haramaya
5.91,2.31,1.19,Grawa
7.86,2.53,0.84,Grawa
1.18,5.59,9.92,Qarsa
3.18,6.45,10.79,Haramaya
0.52,4.55,10.05,Qarsa
5.31,3.66,2.06,Grawa
7.66,0.78,1.14,Grawa
3.9,8.0,8.01,Haramaya
3.41,4.77,9.34,Haramaya
5.27,2.81,1.2,Grawa
3.54,6.11,8.88,Haramaya
1.61,4.02,10.57,Qarsa
2.62,7.38,8.25,Haramaya
2.99,4.87,8.92,Qarsa
2.23,6.92,6.15,Haramaya
5.62,3.99,0.53,Grawa
6.73,2.65,1.38,Grawa
4.98,4.14,2.42,Grawa
7.8,3.02,2.18,Grawa
3.7,7.03,8.49,Haramaya
4.6,6.78,7.35,Haramaya
6.34,4.03,0.2,Grawa
4.18,4.22,10.27,Qarsa
4.74,8.08,10.71,Haramaya
4.27,5.06,8.54,Haramaya
5.81,0.72,1.55,Grawa
4.65,6.07,10.24,Haramaya
5.14,2.31,0.0,Grawa
2.26,4.72,9.41,Qarsa
3.13,5.16,10.81,Qarsa
5.06,7.23,7.66,Haramaya
3.63,7.72,8.51,Haramaya
4.41,6.81,9.31,Haramaya
3.72,2.58,1.85,Grawa
6.9,2.18,2.57,Grawa
6.26,3.01,2.1,Grawa
7.09,2.3,1.92,Grawa
2.16,4.8,10.81,Qarsa
4.52,6.7,6.03,Haramaya
5.39,7.58,7.6,Haramaya
5.69,4.21,2.43,Grawa
6.47,4.11,1.87,Grawa
6.87,4.25,0.76,Grawa
2.62,6.54,7.12,Haramaya
2.06,3.43,10.18,Qarsa
0.9,5.53,10.59,Qarsa
4.02,5.54,11.01,Qarsa
3.18,6.46,6.56,Haramaya
4.9,7.34,9.37,Haramaya
1.17,4.38,8.96,Qarsa
6.45,4.19,2.38,Grawa
1.4,4.18,12.08,Qarsa
2.23,4.76,9.62,Qarsa
5.06,5.85,7.43,Haramaya
0.94,5.78,9.91,Qarsa
6.11,2.96,2.81,Grawa
7.62,4.92,2.52,Grawa
6.7,3.87,0.81,Grawa
1.31,5.77,9.32,Qarsa
0.73,6.37,12.49,Qarsa
2.63,2.79,10.17,Qarsa
8.72,2.36,2.21,Grawa
6.19,4.27,1.13,Grawa
3.53,3.6,9.99,Qarsa
2.1,3.54,10.27,Qarsa
1.19,3.06,10.26,Qarsa
2.25,5.39,9.81,Qarsa
6.6,3.85,1.15,Grawa
3.91,8.49,10.15,Haramaya
5.65,1.98,1.95,Grawa
5.83,4.69,1.94,Grawa
0.7,3.61,10.79,Qarsa
3.67,6.71,7.49,Haramaya
5.26,7.34,7.51,Haramaya
3.74,5.59,7.97,Haramaya
4.31,6.76,8.54,Haramaya
3.71,6.68,9.02,Haramaya
3.37,6.13,8.36,Haramaya
3.3,7.39,9.59,Haramaya
3.22,4.5,8.82,Qarsa
4.41,6.57,8.38,Haramaya
5.17,7.69,6.31,Haramaya
6.9,3.27,2.96,Grawa
2.08,2.72,10.67,Qarsa
4.24,7.51,7.77,Haramaya
3.49,7.35,10.31,Haramaya
6.29,7.46,10.27,Haramaya
5.91,6.27,3.26,Grawa
0.43,4.29,9.68,Qarsa
5.6,3.04,0.58,Grawa
2.82,6.97,10.6,Qarsa
6.1,0.96,1.91,Grawa
8.26,4.04,2.77,Grawa
4.86,7.14,8.78,Haramaya
6.83,2.95,0.38,Grawa
0.11,2.76,10.82,Qarsa
3.96,5.18,8.93,Qarsa
2.64,2.44,9.28,Qarsa
4.88,2.61,3.82,Grawa
2.68,7.5,8.0,Haramaya
6.84,1.58,2.44,Grawa
1.81,4.69,7.52,Qarsa
3.85,8.87,5.73,Haramaya
2.16,8.68,9.68,Haramaya
2.16,5.87,9.96,Qarsa
5.86,9.94,7.63,Haramaya
4.56,8.89,7.9,Haramaya
3.17,8.48,9.86,Haramaya
6.74,1.96,1.93,Grawa
2.26,4.6,9.47,Qarsa
0.42,4.76,8.77,Qarsa
5.93,2.8,1.43,Grawa
5.41,3.82,0.19,Grawa
6.69,1.93,2.96,Grawa
5.34,3.1,0.14,Grawa
6.03,2.96,1.9,Grawa
5.55,7.38,7.03,Haramaya
5.34,1.57,1.38,Grawa
3.99,6.33,9.18,Haramaya
5.55,2.91,2.66,Grawa
1.63,5.1,9.58,Qarsa
0.36,6.13,10.44,Qarsa
2.55,3.31,9.31,Qarsa
4.03,6.8,5.75,Haramaya
0.22,2.97,9.12,Qarsa
0.27,5.09,8.98,Qarsa
6.18,2.98,1.57,Grawa
6.99,3.36,2.65,Grawa
4.1,8.04,7.0,Haramaya
3.99,6.07,6.92,Haramaya
3.47,8.26,9.99,Haramaya
3.76,7.54,8.59,Haramaya
1.42,4.37,10.49,Qarsa
0.82,3.89,8.23,Qarsa
5.69,2.8,2.95,Grawa
3.34,4.41,10.12,Qarsa
1.05,3.31,10.52,Qarsa
2.75,7.41,9.13,Haramaya
4.67,5.67,9.16,Haramaya
5.28,6.72,9.53,Haramaya
2.39,4.66,10.06,Qarsa
7.06,4.38,2.72,Grawa
3.74,9.33,8.41,Haramaya
0.31,3.93,10.09,Qarsa
6.75,4.13,3.65,Grawa
2.18,8.02,8.31,Haramaya
2.39,8.13,7.15,Haramaya
1.4,6.22,9.22,Qarsa
4.29,7.98,8.79,Haramaya
2.77,4.09,10.18,Qarsa
6.63,4.12,0.66,Grawa
2.1,3.95,10.24,Qarsa
4.09,6.31,7.07,Haramaya
1.71,5.95,9.34,Qarsa
2.57,1.86,10.9,Qarsa
6.22,1.9,2.3,Grawa
2.85,4.83,10.79,Qarsa
2.45,2.82,8.49,Qarsa
3.91,10.01,7.99,Haramaya
6.64,2.79,3.91,Grawa
2.11,4.08,9.82,Qarsa
3.96,5.94,7.12,Haramaya
2.43,5.38,11.64,Qarsa
1.01,2.34,8.89,Qarsa
0.09,4.2,11.1,Qarsa
4.96,7.0,7.87,Haramaya
1.82,4.72,8.43,Qarsa
2.89,4.34,8.15,Qarsa
3.36,5.14,9.82,Haramaya
8.18,5.19,3.53,Grawa
1.18,3.89,9.72,Qarsa
2.37,3.21,11.42,Qarsa
2.5,4.17,10.49,Qarsa
6.14,7.46,8.5,Haramaya
6.31,4.7,0.33,Grawa
1.92,3.85,10.51,Qarsa
2.09,6.69,10.08,Qarsa
6.65,1.91,2.19,Grawa
7.41,1.77,2.55,Grawa
6.05,2.92,0.65,Grawa
2.47,5.15,9.9,Qarsa
1.26,2.49,9.45,Qarsa
8.2,3.81,2.69,Grawa
5.01,6.95,7.53,Haramaya
4.91,8.29,6.81,Haramaya
2.82,2.69,8.09,Qarsa
3.98,7.09,10.01,Haramaya
6.41,2.77,1.23,Grawa
2.62,5.46,11.41,Qarsa
5.58,2.01,2.29,Grawa
5.79,1.71,2.05,Grawa
3.82,4.94,9.11,Haramaya
5.77,1.45,0.7,Grawa
6.45,4.31,2.67,Grawa
4.14,7.16,8.04,Haramaya
3.15,6.57,8.09,Haramaya
3.97,8.84,9.36,Haramaya
3.21,8.03,7.19,Haramaya
6.48,3.21,1.82,Grawa
6.52,4.12,3.09,Grawa
1.16,4.36,10.46,Qarsa
3.71,8.64,8.34,Haramaya
7.48,3.58,1.08,Grawa
2.21,3.16,9.82,Qarsa
3.05,6.25,10.93,Qarsa
5.58,1.95,0.68,Grawa
0.47,3.37,10.68,Qarsa
1.4,2.96,11.83,Qarsa
6.74,3.08,2.84,Grawa
1.16,3.93,9.47,Qarsa
0.63,3.63,9.16,Qarsa
4.47,7.41,7.92,Haramaya
0.03,5.98,10.59,Qarsa
6.81,3.8,1.54,Grawa
6.87,3.46,0.88,Grawa
4.1,8.93,8.1,Haramaya
3.88,7.06,5.89,Haramaya
5.53,1.72,1.74,Grawa
5.99,4.63,1.56,Grawa
3.66,7.92,9.7,Haramaya
7.15,2.69,2.33,Grawa
5.71,7.33,8.39,Haramaya
6.5,2.9,4.16,Grawa
4.6,7.76,6.85,Haramaya
6.63,2.48,2.72,Grawa
3.95,7.49,8.29,Haramaya
7.4,3.81,3.19,Grawa
1.57,5.86,10.96,Qarsa
4.91,5.39,8.15,Haramaya
4.59,5.55,8.08,Haramaya
2.42,6.46,8.24,Haramaya
5.8,6.93,7.6,Haramaya
2.48,6.19,9.31,Haramaya
7.45,4.28,2.28,Grawa
4.7,5.34,6.71,Haramaya
2.07,4.43,11.84,Qarsa
3.07,3.11,8.26,Qarsa
2.02,5.16,9.63,Qarsa
2.32,3.45,9.17,Qarsa
0.88,3.5,9.44,Qarsa
6.66,2.28,1.47,Grawa
0.63,3.79,9.44,Qarsa
1.16,3.68,11.12,Qarsa
3.28,7.42,8.47,Haramaya
2.56,7.21,8.79,Haramaya
0.92,4.82,10.34,Qarsa
4.81,6.31,5.63,Haramaya
4.79,5.79,3.5,Grawa
0.91,4.42,10.08,Qarsa
2.77,5.62,8.29,Haramaya
4.63,6.31,7.36,Haramaya
2.94,4.85,10.55,Qarsa
6.21,7.35,7.53,Haramaya
0.55,5.85,8.82,Qarsa
5.47,4.01,1.8,Grawa
4.53,5.71,6.96,Haramaya
4.15,8.3,9.72,Haramaya
7.11,3.58,2.39,Grawa
3.65,6.22,7.41,Haramaya
7.14,3.77,3.7,Grawa
3.89,6.88,7.91,Haramaya
3.58,6.29,8.16,Haramaya
8.67,2.93,2.63,Grawa
3.99,8.47,7.56,Haramaya
6.81,3.61,2.51,Grawa
4.82,7.41,7.81,Haramaya
5.18,7.05,9.2,Haramaya
3.05,7.18,7.33,Haramaya
6.57,2.1,0.22,Grawa
3.24,4.98,9.7,Qarsa
2.19,5.7,8.01,Haramaya
1.4,4.46,10.18,Qarsa
2.67,4.71,11.07,Qarsa
4.61,6.68,7.45,Haramaya
4.15,7.05,8.24,Haramaya
6.48,2.07,2.68,Grawa
4.42,7.43,8.37,Haramaya
3.24,4.7,10.39,Qarsa
2.35,4.07,8.67,Qarsa
3.19,4.36,10.6,Qarsa
5.94,3.69,1.67,Grawa
4.26,5.64,2.27,Grawa
0.03,3.66,10.58,Qarsa
3.96,7.17,7.43,Haramaya
3.24,4.18,9.59,Qarsa
5.15,7.75,8.34,Haramaya
2.28,4.84,9.68,Qarsa
7.01,3.36,1.33,Grawa
4.04,5.06,7.78,Haramaya
4.92,7.55,7.75,Haramaya
6.1,1.28,1.35,Grawa
3.68,2.35,1.94,Grawa
2.28,4.87,9.94,Qarsa
3.79,5.22,8.81,Qarsa
6.7,3.24,0.86,Grawa
3.28,3.87,8.95,Qarsa
2.27,6.0,9.65,Qarsa
3.37,5.34,10.82,Qarsa
5.31,3.46,1.88,Grawa
3.41,6.29,8.54,Haramaya
1.38,5.36,10.84,Qarsa
4.92,6.21,6.44,Haramaya
2.26,6.03,8.47,Haramaya
2.69,4.96,9.96,Qarsa
4.02,7.17,7.16,Haramaya
7.9,2.18,2.21,Grawa
7.47,2.42,3.12,Grawa
7.72,3.85,1.07,Grawa
6.05,3.27,2.21,Grawa
3.6,2.05,1.11,Grawa
2.67,4.59,10.15,Qarsa
6.76,3.49,2.04,Grawa
6.17,1.7,2.99,Grawa
3.2,5.93,10.26,Haramaya
3.54,6.34,7.93,Haramaya
4.07,7.12,7.15,Haramaya
5.03,6.23,8.46,Haramaya
6.41,2.44,2.6,Grawa
2.16,3.29,7.62,Qarsa
1.2,2.57,9.49,Qarsa
0.93,5.22,11.55,Qarsa
3.01,5.0,9.96,Qarsa
3.71,7.65,8.9,Haramaya
2.08,7.65,7.98,Haramaya
4.54,6.93,7.49,Haramaya
1.64,2.6,10.81,Qarsa
2.03,5.96,7.87,Haramaya
0.46,4.57,7.84,Qarsa
3.51,8.01,8.63,Haramaya
0.66,3.87,8.72,Qarsa
1.61,5.62,8.45,Haramaya
3.2,9.04,7.96,Haramaya
6.51,4.26,1.03,Grawa
4.1,5.98,8.96,Haramaya
2.8,3.85,9.06,Qarsa
5.19,7.08,7.51,Haramaya
4.59,5.0,7.29,Haramaya
4.18,4.49,2.48,Grawa
7.68,3.45,0.6,Grawa
2.9,4.7,9.69,Qarsa
4.58,6.71,7.57,Haramaya
0.57,3.5,8.37,Qarsa
1.58,5.02,9.97,Qarsa
4.71,5.97,6.96,Haramaya
3.57,8.6,7.48,Haramaya
1.42,3.5,10.31,Qarsa
3.0,5.45,8.71,Haramaya
6.94,4.38,1.9,Grawa
5.23,2.91,2.14,Grawa
6.93,2.83,2.09,Grawa
3.27,4.79,9.22,Qarsa
6.96,2.09,4.38,Grawa
0.08,6.63,9.94,Qarsa
6.2,3.19,4.19,Grawa
1.11,4.13,9.44,Qarsa
6.18,3.17,1.97,Grawa
4.89,3.98,1.03,Grawa
6.07,4.07,2.03,Grawa
6.24,4.57,0.79,Grawa
7.8,2.9,1.35,Grawa
2.53,6.29,6.87,Haramaya
5.53,2.39,0.8,Grawa
3.7,6.21,9.31,Haramaya
0.21,4.74,9.11,Qarsa
7.87,2.19,2.25,Grawa
3.06,6.13,10.37,Qarsa
5.28,3.52,2.65,Grawa
4.78,6.66,7.33,Haramaya
3.97,8.65,8.46,Haramaya
4.15,3.97,10.39,Qarsa
1.55,4.43,10.86,Qarsa
7.36,3.64,1.97,Grawa
7.82,2.68,3.02,Grawa
1.47,4.69,9.27,Qarsa
5.78,2.91,1.52,Grawa
0.42,3.68,9.85,Qarsa
5.62,3.0,2.89,Grawa
0.05,5.87,8.91,Qarsa
5.65,3.59,2.87,Grawa
3.77,7.57,8.85,Haramaya
2.39,3.71,8.74,Qarsa
2.0,5.06,9.62,Qarsa
6.01,3.81,2.37,Grawa
5.52,8.23,10.45,Haramaya
0.95,4.88,11.28,Qarsa
3.04,4.91,7.17,Haramaya
5.16,3.78,0.96,Grawa
4.08,6.1,8.48,Haramaya
6.71,2.99,1.32,Grawa
2.27,5.2,11.68,Qarsa
2.19,4.58,11.18,Qarsa
1.18,4.57,9.08,Qarsa
4.64,7.9,8.67,Haramaya
4.65,4.78,12.22,Haramaya
3.04,6.3,9.6,Qarsa
3.78,8.1,6.74,Haramaya
3.02,3.04,10.88,Qarsa
6.26,0.47,2.93,Grawa
2.01,4.02,10.71,Qarsa
2.37,3.95,10.69,Qarsa
2.22,6.11,10.25,Qarsa
0.24,2.74,10.98,Qarsa
2.32,3.79,9.22,Qarsa
3.61,8.39,9.5,Haramaya
5.5,2.62,3.0,Grawa
4.99,6.65,9.05,Haramaya
3.77,6.55,7.56,Haramaya
3.47,7.64,7.83,Haramaya
6.59,2.27,2.1,Grawa
1.49,3.57,10.05,Qarsa
5.33,2.99,1.78,Grawa
2.48,7.46,5.62,Haramaya
1.44,6.82,8.02,Haramaya
0.8,5.11,10.85,Qarsa
3.5,5.61,6.86,Haramaya
5.68,7.59,8.5,Haramaya
6.65,1.98,2.17,Grawa
7.05,2.03,3.43,Grawa
2.26,7.99,8.21,Haramaya
1.4,5.53,9.14,Qarsa
3.27,4.32,9.68,Qarsa
6.9,2.46,0.19,Grawa
2.7,4.08,8.77,Qarsa
2.54,7.82,9.11,Haramaya
6.74,2.93,1.47,Grawa
6.46,1.12,2.84,Grawa
4.99,2.69,1.69,Grawa
3.02,4.38,9.38,Qarsa
5.54,1.93,3.11,Grawa
2.04,3.88,12.27,Qarsa
7.32,2.86,2.26,Grawa
8.47,5.1,1.82,Grawa
1.43,5.95,8.51,Qarsa
6.32,2.47,3.13,Grawa
5.9,2.36,2.55,Grawa
1.8,4.17,9.08,Qarsa
2.58,5.36,10.35,Qarsa
1.63,5.99,8.77,Qarsa
3.89,8.54,7.01,Haramaya
0.99,4.08,10.82,Qarsa
5.09,7.27,8.77,Haramaya
0.99,4.68,10.85,Qarsa
1.09,5.7,11.19,Qarsa
6.02,4.0,1.71,Grawa
6.21,4.0,1.08,Grawa
2.78,8.08,8.11,Haramaya
2.34,4.21,10.63,Qarsa
5.87,2.74,2.06,Grawa
4.81,2.32,1.28,Grawa
6.35,3.73,3.1,Grawa
3.81,6.53,9.5,Qarsa
0.82,4.79,9.37,Qarsa
2.91,4.53,11.37,Qarsa
3.49,7.47,7.68,Haramaya
2.71,4.63,9.49,Qarsa
5.48,3.02,0.27,Grawa
6.84,4.75,2.15,Grawa
7.16,6.07,6.53,Haramaya
6.47,3.38,3.19,Grawa
6.4,1.95,2.31,Grawa
5.36,2.71,2.93,Grawa
2.11,5.13,9.82,Qarsa
5.36,3.16,1.88,Grawa
5.21,4.54,2.76,Grawa
6.97,3.4,1.82,Grawa
6.58,3.52,3.25,Grawa
1.78,3.68,11.06,Qarsa
6.44,3.67,2.8,Grawa
0.73,4.71,11.39,Qarsa
0.83,4.37,8.5,Qarsa
2.54,6.17,9.05,Haramaya
6.31,3.69,1.03,Grawa
2.84,5.58,9.66,Qarsa
4.36,7.8,8.29,Haramaya
2.35,7.13,6.67,Haramaya
1.36,5.0,9.56,Qarsa
0.32,4.86,10.67,Qarsa
0.36,5.23,10.26,Qarsa
6.33,3.38,1.54,Grawa
2.79,6.42,8.08,Haramaya
6.54,3.39,0.7,Grawa
2.72,3.43,9.59,Qarsa
1.27,5.91,10.73,Qarsa
6.64,3.26,3.19,Grawa
1.33,4.19,11.54,Qarsa
5.63,2.17,1.52,Grawa
3.64,6.63,7.37,Haramaya
7.1,2.58,1.7,Grawa
3.85,7.42,5.71,Haramaya
6.92,3.28,0.73,Grawa
0.54,3.82,8.54,Qarsa
2.08,4.41,10.83,Qarsa
2.72,6.9,7.48,Haramaya
3.11,2.95,11.29,Qarsa
2.56,7.26,7.46,Haramaya
1.28,4.29,10.14,Qarsa
0.92,3.67,9.87,Qarsa
3.07,6.37,6.43,Haramaya
4.09,4.0,2.69,Grawa
4.91,5.43,7.62,Haramaya
5.72,1.28,0.93,Grawa
4.7,6.04,7.76,Haramaya
3.79,7.23,8.59,Haramaya
5.39,3.78,3.67,Grawa
3.07,8.03,7.7,Haramaya
2.74,6.7,7.44,Haramaya
4.09,6.64,7.51,Haramaya
0.49,4.66,9.21,Qarsa
2.06,5.7,7.99,Haramaya
4.99,4.35,1.73,Grawa
3.35,5.36,9.7,Haramaya
1.58,4.74,9.72,Qarsa
1.55,3.32,9.79,Qarsa
3.11,5.34,10.32,Qarsa
5.86,2.84,2.42,Grawa
2.76,8.15,9.02,Haramaya
6.91,3.88,1.78,Grawa
4.17,5.26,8.38,Haramaya
2.03,3.14,9.8,Qarsa
2.39,7.69,7.52,Haramaya
0.03,5.03,11.61,Qarsa
4.77,6.69,8.3,Haramaya
0.38,2.77,10.11,Qarsa
5.15,2.96,2.62,Grawa
3.14,6.29,8.8,Haramaya
0.99,2.44,11.22,Qarsa
7.15,2.72,0.4,Grawa
8.41,2.28,1.3,Grawa
4.9,8.93,7.16,Haramaya
2.14,7.16,7.98,Haramaya
5.54,2.8,1.64,Grawa
2.53,6.65,10.94,Qarsa
6.85,3.08,0.24,Grawa
3.15,6.78,8.99,Haramaya
0.62,4.81,10.46,Qarsa
6.83,4.45,1.24,Grawa
4.18,9.23,8.63,Haramaya
4.93,2.4,0.07,Grawa
0.9,6.24,11.01,Qarsa
3.22,6.55,7.2,Haramaya
4.0,7.58,7.68,Haramaya
3.89,8.87,8.94,Haramaya
1.65,4.61,9.54,Qarsa
4.4,2.6,2.32,Grawa
5.57,3.64,3.55,Grawa
5.34,2.15,2.32,Grawa
1.48,3.99,8.75,Qarsa
5.85,4.84,2.46,Grawa
0.72,4.05,9.46,Qarsa
1.3,6.23,9.39,Qarsa
1.57,5.71,9.43,Qarsa
3.57,8.11,8.79,Haramaya
5.86,2.62,0.64,Grawa
3.81,7.76,8.54,Haramaya
5.04,4.74,9.83,Haramaya
5.44,3.03,0.68,Grawa
5.38,2.65,2.56,Grawa
3.01,5.73,10.36,Qarsa
1.11,4.4,10.24,Qarsa
6.7,3.43,1.27,Grawa
1.46,4.48,10.65,Qarsa
3.13,5.52,7.9,Haramaya
2.5,5.05,9.57,Qarsa
4.05,6.08,8.62,Haramaya
7.38,4.19,0.71,Grawa
4.47,6.4,8.77,Haramaya
1.23,2.78,9.06,Qarsa
6.34,1.07,3.39,Grawa
4.71,5.95,7.36,Haramaya
2.14,4.72,9.1,Qarsa
1.41,4.29,8.13,Qarsa
0.4,4.87,10.91,Qarsa
7.14,4.25,2.12,Grawa
2.24,4.48,10.98,Qarsa
5.33,2.14,2.25,Grawa
6.01,4.14,0.3,Grawa
4.31,7.43,8.98,Haramaya
1.28,5.05,8.5,Qarsa
2.73,6.44,8.71,Haramaya
1.02,3.55,8.23,Qarsa
2.55,6.23,7.18,Haramaya
7.12,1.83,0.95,Grawa
4.55,6.88,8.84,Haramaya
4.07,7.28,7.65,Haramaya
2.87,4.33,9.95,Qarsa
1.45,4.92,9.84,Qarsa
4.08,5.83,5.85,Haramaya
6.51,3.74,3.09,Grawa
7.02,3.07,0.48,Grawa
5.97,1.84,4.04,Grawa
6.87,2.67,2.92,Grawa
2.29,6.78,8.96,Haramaya
6.91,2.73,1.73,Grawa
3.56,6.8,8.35,Haramaya
4.49,8.32,7.72,Haramaya
2.46,4.4,11.14,Qarsa
4.53,2.48,2.23,Grawa
3.49,8.14,8.17,Haramaya
0.38,5.0,11.9,Qarsa
2.11,4.88,11.4,Qarsa
3.91,6.49,6.97,Haramaya
3.71,7.44,8.13,Haramaya
4.52,4.76,0.63,Grawa
6.95,2.85,2.58,Grawa
0.89,2.82,8.44,Qarsa
5.76,3.5,2.9,Grawa
1.55,6.12,9.83,Qarsa
2.45,4.02,10.68,Qarsa
7.29,4.15,0.9,Grawa
7.87,2.41,0.53,Grawa
7.37,4.0,2.71,Grawa
4.99,3.24,1.65,Grawa
2.33,8.09,8.0,Haramaya
4.8,8.26,6.68,Haramaya
6.88,6.02,9.17,Haramaya
6.45,4.12,2.52,Grawa
1.5,4.7,9.53,Qarsa
4.58,8.06,8.9,Haramaya
2.07,5.18,9.76,Qarsa
2.63,7.68,8.37,Haramaya
8.21,2.56,1.49,Grawa
2.81,6.21,10.32,Qarsa
0.97,2.72,10.05,Qarsa
5.28,8.43,7.37,Haramaya
1.03,3.94,10.88,Qarsa
0.52,4.48,10.85,Qarsa
8.21,2.04,0.37,Grawa
3.12,5.4,10.35,Qarsa
7.3,2.33,1.83,Grawa
2.19,5.74,8.29,Haramaya
1.75,2.9,10.39,Qarsa
1.72,1.87,10.68,Qarsa
6.92,3.59,1.21,Grawa
2.53,7.49,8.17,Haramaya
2.08,5.11,9.92,Qarsa
1.59,2.37,9.53,Qarsa
4.27,1.67,2.13,Grawa
6.09,1.39,1.75,Grawa
2.03,4.79,10.55,Qarsa
2.82,7.53,7.05,Haramaya
5.19,2.29,4.51,Grawa
4.44,6.4,8.52,Haramaya
1.11,4.16,10.22,Qarsa
3.41,5.92,9.94,Qarsa
7.37,2.89,1.43,Grawa
6.66,2.32,1.45,Grawa
2.03,4.32,11.74,Qarsa
7.78,3.28,1.73,Grawa
3.18,5.94,9.18,Qarsa
1.15,5.81,11.03,Qarsa
0.68,4.13,10.39,Qarsa
1.66,4.8,10.83,Qarsa
3.03,7.02,7.26,Haramaya
2.72,4.55,10.35,Qarsa
7.43,2.82,2.3,Grawa
4.02,5.99,9.02,Haramaya
6.15,3.8,2.12,Grawa
1.32,5.01,10.38,Qarsa
1.57,4.22,9.25,Qarsa
3.18,6.0,8.38,Haramaya
2.39,5.13,11.18,Qarsa
5.85,2.44,1.16,Grawa
1.96,6.23,10.36,Qarsa
1.49,4.44,13.19,Qarsa
5.09,7.12,7.68,Haramaya
6.1,4.84,2.43,Grawa
7.23,3.82,1.85,Grawa
1.09,4.07,9.35,Qarsa
6.36,4.33,3.59,Grawa
3.42,6.1,6.09,Haramaya
0.07,4.24,10.06,Qarsa
2.99,4.57,9.97,Qarsa
4.66,7.6,8.68,Haramaya
1.86,4.79,10.45,Qarsa
2.01,4.84,9.35,Qarsa
1.51,7.49,7.56,Haramaya
3.94,5.31,8.18,Haramaya
0.3,4.88,11.1,Qarsa
6.56,3.28,3.79,Grawa
5.25,3.2,2.5,Grawa
5.35,2.68,1.6,Grawa
3.92,6.4,8.19,Haramaya
2.04,3.27,9.25,Qarsa
6.87,2.21,1.54,Grawa
2.98,4.01,8.34,Qarsa
0.7,4.33,9.68,Qarsa
2.71,4.75,10.9,Qarsa
2.77,3.68,10.77,Qarsa
0.82,3.64,7.88,Qarsa
3.37,5.58,8.27,Haramaya
6.04,2.44,2.59,Grawa
1.12,4.8,7.79,Qarsa
4.66,7.14,9.07,Haramaya
3.29,4.61,9.29,Qarsa
5.72,2.44,3.32,Grawa
1.26,6.35,8.8,Qarsa
5.88,2.37,1.74,Grawa
